Rz,¦Ñ,r,n,s,l,b,h1,h2,"fc,new","fc,old",fy,¦Òn,¦Ó
4,0.141371669,6,1,25,200,100,100,100,30,40,400,0,3.756793
4,0.141371669,6,1,50,200,100,100,100,30,40,400,0,4.039674
4,0.141371669,6,1,75,200,100,100,100,30,40,400,0,4.048391
4,0.141371669,6,1,100,200,100,100,100,30,40,400,0,4.089749
4,0.251327412,8,1,25,200,100,100,100,30,40,400,0,4.2010765
4,0.251327412,8,1,50,200,100,100,100,30,40,400,0,4.438775
4,0.251327412,8,1,75,200,100,100,100,30,40,400,0,4.2102735
4,0.251327412,8,1,100,200,100,100,100,30,40,400,0,4.439726
4,0.392699082,10,1,25,200,100,100,100,30,40,400,0,4.4507995
4,0.392699082,10,1,50,200,100,100,100,30,40,400,0,4.721598
4,0.392699082,10,1,75,200,100,100,100,30,40,400,0,4.471746
4,0.392699082,10,1,100,200,100,100,100,30,40,400,0,4.723599
4,0.565486678,12,1,25,200,100,100,100,30,40,400,0,4.769267
4,0.565486678,12,1,50,200,100,100,100,30,40,400,0,4.987419
4,0.565486678,12,1,75,200,100,100,100,30,40,400,0,4.828936
4,0.565486678,12,1,100,200,100,100,100,30,40,400,0,4.987845
4,1.005309649,16,1,25,200,100,100,100,30,40,400,0,4.9431275
4,1.005309649,16,1,50,200,100,100,100,30,40,400,0,5.403585
4,1.005309649,16,1,75,200,100,100,100,30,40,400,0,5.38937
4,1.005309649,16,1,100,200,100,100,100,30,40,400,0,5.497965
4,0.062831853,6,1,25,300,150,150,150,30,40,400,0,3.120544444
4,0.062831853,6,1,50,300,150,150,150,30,40,400,0,3.185522222
4,0.062831853,6,1,75,300,150,150,150,30,40,400,0,3.121757778
4,0.062831853,6,1,100,300,150,150,150,30,40,400,0,3.21516
4,0.062831853,6,1,150,300,150,150,150,30,40,400,0,3.215173333
4,0.111701072,8,1,25,300,150,150,150,30,40,400,0,3.203153333
4,0.111701072,8,1,50,300,150,150,150,30,40,400,0,3.297957778
4,0.111701072,8,1,75,300,150,150,150,30,40,400,0,3.213784444
4,0.111701072,8,1,100,300,150,150,150,30,40,400,0,3.298157778
4,0.111701072,8,1,150,300,150,150,150,30,40,400,0,3.298193333
4,0.174532925,10,1,25,300,150,150,150,30,40,400,0,3.325424444
4,0.174532925,10,1,50,300,150,150,150,30,40,400,0,3.366802222
4,0.174532925,10,1,75,300,150,150,150,30,40,400,0,3.315222222
4,0.174532925,10,1,100,300,150,150,150,30,40,400,0,3.367426667
4,0.174532925,10,1,150,300,150,150,150,30,40,400,0,3.367466667
4,0.251327412,12,1,25,300,150,150,150,30,40,400,0,3.478457778
4,0.251327412,12,1,50,300,150,150,150,30,40,400,0,3.469057778
4,0.251327412,12,1,75,300,150,150,150,30,40,400,0,3.456462222
4,0.251327412,12,1,100,300,150,150,150,30,40,400,0,3.469837778
4,0.251327412,12,1,150,300,150,150,150,30,40,400,0,3.470562222
4,0.446804289,16,1,25,300,150,150,150,30,40,400,0,3.480951111
4,0.446804289,16,1,50,300,150,150,150,30,40,400,0,3.698973333
4,0.446804289,16,1,75,300,150,150,150,30,40,400,0,3.738144444
4,0.446804289,16,1,100,300,150,150,150,30,40,400,0,3.722893333
4,0.446804289,16,1,150,300,150,150,150,30,40,400,0,3.728833333
4,0.035342917,6,1,25,400,200,200,200,30,40,400,0,3.1115225
4,0.035342917,6,1,50,400,200,200,200,30,40,400,0,3.2416775
4,0.035342917,6,1,75,400,200,200,200,30,40,400,0,3.2515725
4,0.035342917,6,1,100,400,200,200,200,30,40,400,0,3.258535
4,0.035342917,6,1,150,400,200,200,200,30,40,400,0,3.25852625
4,0.035342917,6,1,200,400,200,200,200,30,40,400,0,3.25852625
4,0.062831853,8,1,25,400,200,200,200,30,40,400,0,3.3025975
4,0.062831853,8,1,50,400,200,200,200,30,40,400,0,3.4443325
4,0.062831853,8,1,75,400,200,200,200,30,40,400,0,3.3248675
4,0.062831853,8,1,100,400,200,200,200,30,40,400,0,3.44495125
4,0.062831853,8,1,150,400,200,200,200,30,40,400,0,3.4449375
4,0.062831853,8,1,200,400,200,200,200,30,40,400,0,3.44321625
4,0.09817477,10,1,25,400,200,200,200,30,40,400,0,3.40586625
4,0.09817477,10,1,50,400,200,200,200,30,40,400,0,3.55789
4,0.09817477,10,1,75,400,200,200,200,30,40,400,0,3.41016875
4,0.09817477,10,1,100,400,200,200,200,30,40,400,0,3.55412625
4,0.09817477,10,1,150,400,200,200,200,30,40,400,0,3.56066625
4,0.09817477,10,1,200,400,200,200,200,30,40,400,0,3.56066
4,0.141371669,12,1,25,400,200,200,200,30,40,400,0,3.52426125
4,0.141371669,12,1,50,400,200,200,200,30,40,400,0,3.65709375
4,0.141371669,12,1,75,400,200,200,200,30,40,400,0,3.5265675
4,0.141371669,12,1,100,400,200,200,200,30,40,400,0,3.6587475
4,0.141371669,12,1,150,400,200,200,200,30,40,400,0,3.6568825
4,0.141371669,12,1,200,400,200,200,200,30,40,400,0,3.65743375
4,0.251327412,16,1,25,400,200,200,200,30,40,400,0,3.76109125
4,0.251327412,16,1,50,400,200,200,200,30,40,400,0,3.8329975
4,0.251327412,16,1,75,400,200,200,200,30,40,400,0,3.77803
4,0.251327412,16,1,100,400,200,200,200,30,40,400,0,3.8369675
4,0.251327412,16,1,150,400,200,200,200,30,40,400,0,3.83799125
4,0.251327412,16,1,200,400,200,200,200,30,40,400,0,3.8400475
4,0.125663706,6,2,25,300,150,150,150,30,40,400,0,3.408431111
4,0.125663706,6,2,50,300,150,150,150,30,40,400,0,3.540566667
4,0.125663706,6,2,75,300,150,150,150,30,40,400,0,3.399184444
4,0.125663706,6,2,100,300,150,150,150,30,40,400,0,3.542484444
4,0.125663706,6,2,150,300,150,150,150,30,40,400,0,3.542537778
4,0.188495559,6,3,25,300,150,150,150,30,40,400,0,3.712526667
4,0.188495559,6,3,50,300,150,150,150,30,40,400,0,3.984102222
4,0.188495559,6,3,75,300,150,150,150,30,40,400,0,3.738564444
4,0.188495559,6,3,100,300,150,150,150,30,40,400,0,3.989148889
4,0.188495559,6,3,150,300,150,150,150,30,40,400,0,3.989144444
4,0.251327412,6,4,25,300,150,150,150,30,40,400,0,3.980433333
4,0.251327412,6,4,50,300,150,150,150,30,40,400,0,4.348331111
4,0.251327412,6,4,75,300,150,150,150,30,40,400,0,4.03432
4,0.251327412,6,4,100,300,150,150,150,30,40,400,0,4.357264444
4,0.251327412,6,4,150,300,150,150,150,30,40,400,0,4.361593333
4,0.376991118,6,6,25,300,150,150,150,30,40,400,0,4.822608889
4,0.376991118,6,6,50,300,150,150,150,30,40,400,0,5.217526667
4,0.376991118,6,6,75,300,150,150,150,30,40,400,0,4.932022222
4,0.376991118,6,6,100,300,150,150,150,30,40,400,0,5.269177778
4,0.376991118,6,6,150,300,150,150,150,30,40,400,0,5.27132
4,0.502654825,6,8,25,300,150,150,150,30,40,400,0,4.772326667
4,0.502654825,6,8,50,300,150,150,150,30,40,400,0,5.288202222
4,0.502654825,6,8,75,300,150,150,150,30,40,400,0,4.980448889
4,0.502654825,6,8,100,300,150,150,150,30,40,400,0,5.326797778
4,0.502654825,6,8,150,300,150,150,150,30,40,400,0,5.323482222
4,0.223402144,8,2,25,300,150,150,150,30,40,400,0,3.517131111
4,0.223402144,8,2,50,300,150,150,150,30,40,400,0,3.670326667
4,0.223402144,8,2,75,300,150,150,150,30,40,400,0,3.515677778
4,0.223402144,8,2,100,300,150,150,150,30,40,400,0,3.637904444
4,0.223402144,8,2,150,300,150,150,150,30,40,400,0,3.672546667
4,0.335103216,8,3,25,300,150,150,150,30,40,400,0,3.947255556
4,0.335103216,8,3,50,300,150,150,150,30,40,400,0,4.215617778
4,0.335103216,8,3,75,300,150,150,150,30,40,400,0,3.955226667
4,0.335103216,8,3,100,300,150,150,150,30,40,400,0,4.217273333
4,0.335103216,8,3,150,300,150,150,150,30,40,400,0,4.219393333
4,0.446804289,8,4,25,300,150,150,150,30,40,400,0,4.3055
4,0.446804289,8,4,50,300,150,150,150,30,40,400,0,4.7224
4,0.446804289,8,4,75,300,150,150,150,30,40,400,0,4.36076
4,0.446804289,8,4,100,300,150,150,150,30,40,400,0,4.74276
4,0.446804289,8,4,150,300,150,150,150,30,40,400,0,4.743657778
4,0.670206433,8,6,25,300,150,150,150,30,40,400,0,5.170437778
4,0.670206433,8,6,50,300,150,150,150,30,40,400,0,5.661662222
4,0.670206433,8,6,75,300,150,150,150,30,40,400,0,5.390784444
4,0.670206433,8,6,100,300,150,150,150,30,40,400,0,5.689806667
4,0.670206433,8,6,150,300,150,150,150,30,40,400,0,5.699266667
4,0.893608577,8,8,25,300,150,150,150,30,40,400,0,5.179004444
4,0.893608577,8,8,50,300,150,150,150,30,40,400,0,5.762968889
4,0.893608577,8,8,75,300,150,150,150,30,40,400,0,5.579795556
4,0.893608577,8,8,100,300,150,150,150,30,40,400,0,5.821131111
4,0.893608577,8,8,150,300,150,150,150,30,40,400,0,5.823431111
4,0.34906585,10,2,25,300,150,150,150,30,40,400,0,3.703226667
4,0.34906585,10,2,50,300,150,150,150,30,40,400,0,3.787942222
4,0.34906585,10,2,75,300,150,150,150,30,40,400,0,3.711751111
4,0.34906585,10,2,100,300,150,150,150,30,40,400,0,3.792206667
4,0.34906585,10,2,150,300,150,150,150,30,40,400,0,3.795822222
4,0.523598776,10,3,25,300,150,150,150,30,40,400,0,4.227117778
4,0.523598776,10,3,50,300,150,150,150,30,40,400,0,4.439944444
4,0.523598776,10,3,75,300,150,150,150,30,40,400,0,4.250446667
4,0.523598776,10,3,100,300,150,150,150,30,40,400,0,4.448902222
4,0.523598776,10,3,150,300,150,150,150,30,40,400,0,4.447695556
4,0.698131701,10,4,25,300,150,150,150,30,40,400,0,4.760784444
4,0.698131701,10,4,50,300,150,150,150,30,40,400,0,5.080177778
4,0.698131701,10,4,75,300,150,150,150,30,40,400,0,4.910566667
4,0.698131701,10,4,100,300,150,150,150,30,40,400,0,5.130251111
4,0.698131701,10,4,150,300,150,150,150,30,40,400,0,5.132351111
4,1.047197551,10,6,25,300,150,150,150,30,40,400,0,5.647326667
4,1.047197551,10,6,50,300,150,150,150,30,40,400,0,5.998002222
4,1.047197551,10,6,75,300,150,150,150,30,40,400,0,5.910897778
4,1.047197551,10,6,100,300,150,150,150,30,40,400,0,6.07068
4,1.047197551,10,6,150,300,150,150,150,30,40,400,0,6.072211111
4,1.396263402,10,8,25,300,150,150,150,30,40,400,0,5.733655556
4,1.396263402,10,8,50,300,150,150,150,30,40,400,0,6.138164444
4,1.396263402,10,8,75,300,150,150,150,30,40,400,0,6.123311111
4,1.396263402,10,8,100,300,150,150,150,30,40,400,0,6.234328889
4,1.396263402,10,8,150,300,150,150,150,30,40,400,0,6.254711111
4,0.502654825,12,2,25,300,150,150,150,30,40,400,0,3.891955556
4,0.502654825,12,2,50,300,150,150,150,30,40,400,0,3.95844
4,0.502654825,12,2,75,300,150,150,150,30,40,400,0,3.949373333
4,0.502654825,12,2,100,300,150,150,150,30,40,400,0,3.968915556
4,0.502654825,12,2,150,300,150,150,150,30,40,400,0,3.969715556
4,0.753982237,12,3,25,300,150,150,150,30,40,400,0,4.492691111
4,0.753982237,12,3,50,300,150,150,150,30,40,400,0,4.704651111
4,0.753982237,12,3,75,300,150,150,150,30,40,400,0,4.615366667
4,0.753982237,12,3,100,300,150,150,150,30,40,400,0,4.731024444
4,0.753982237,12,3,150,300,150,150,150,30,40,400,0,4.737051111
4,1.005309649,12,4,25,300,150,150,150,30,40,400,0,5.212875556
4,1.005309649,12,4,50,300,150,150,150,30,40,400,0,5.46556
4,1.005309649,12,4,75,300,150,150,150,30,40,400,0,5.440835556
4,1.005309649,12,4,100,300,150,150,150,30,40,400,0,5.580108889
4,1.005309649,12,4,150,300,150,150,150,30,40,400,0,5.591075556
4,1.507964474,12,6,25,300,150,150,150,30,40,400,0,5.856253333
4,1.507964474,12,6,50,300,150,150,150,30,40,400,0,6.292333333
4,1.507964474,12,6,75,300,150,150,150,30,40,400,0,6.268777778
4,1.507964474,12,6,100,300,150,150,150,30,40,400,0,6.422877778
4,1.507964474,12,6,150,300,150,150,150,30,40,400,0,6.437997778
4,2.010619298,12,8,25,300,150,150,150,30,40,400,0,5.692062222
4,2.010619298,12,8,50,300,150,150,150,30,40,400,0,6.332926667
4,2.010619298,12,8,75,300,150,150,150,30,40,400,0,6.384304444
4,2.010619298,12,8,100,300,150,150,150,30,40,400,0,6.527893333
4,2.010619298,12,8,150,300,150,150,150,30,40,400,0,6.555146667
4,0.893608577,16,2,25,300,150,150,150,30,40,400,0,3.8903
4,0.893608577,16,2,50,300,150,150,150,30,40,400,0,4.40462
4,0.893608577,16,2,75,300,150,150,150,30,40,400,0,4.452415556
4,0.893608577,16,2,100,300,150,150,150,30,40,400,0,4.462448889
4,0.893608577,16,2,150,300,150,150,150,30,40,400,0,4.467297778
4,1.340412866,16,3,25,300,150,150,150,30,40,400,0,4.570273333
4,1.340412866,16,3,50,300,150,150,150,30,40,400,0,5.169577778
4,1.340412866,16,3,75,300,150,150,150,30,40,400,0,5.242404444
4,1.340412866,16,3,100,300,150,150,150,30,40,400,0,5.344366667
4,1.340412866,16,3,150,300,150,150,150,30,40,400,0,5.367968889
4,1.787217154,16,4,25,300,150,150,150,30,40,400,0,5.194808889
4,1.787217154,16,4,50,300,150,150,150,30,40,400,0,5.967288889
4,1.787217154,16,4,75,300,150,150,150,30,40,400,0,6.08754
4,1.787217154,16,4,100,300,150,150,150,30,40,400,0,6.247633333
4,1.787217154,16,4,150,300,150,150,150,30,40,400,0,6.292373333
4,2.680825731,16,6,25,300,150,150,150,30,40,400,0,5.631231111
4,2.680825731,16,6,50,300,150,150,150,30,40,400,0,6.467855556
4,2.680825731,16,6,75,300,150,150,150,30,40,400,0,6.577035556
4,2.680825731,16,6,100,300,150,150,150,30,40,400,0,6.767566667
4,2.680825731,16,6,150,300,150,150,150,30,40,400,0,6.792395556
4,3.574434308,16,8,25,300,150,150,150,30,40,400,0,5.506928889
4,3.574434308,16,8,50,300,150,150,150,30,40,400,0,6.484791111
4,3.574434308,16,8,75,300,150,150,150,30,40,400,0,6.645531111
4,3.574434308,16,8,100,300,150,150,150,30,40,400,0,6.861475556
4,3.574434308,16,8,150,300,150,150,150,30,40,400,0,6.897524444
4,0.282743339,6,2,25,200,100,100,100,30,40,400,0,4.502017
4,0.282743339,6,2,50,200,100,100,100,30,40,400,0,4.842888
4,0.282743339,6,2,75,200,100,100,100,30,40,400,0,4.7336895
4,0.282743339,6,2,100,200,100,100,100,30,40,400,0,4.8624195
4,0.424115008,6,3,25,200,100,100,100,30,40,400,0,5.63157
4,0.424115008,6,3,50,200,100,100,100,30,40,400,0,5.59313
4,0.424115008,6,3,75,200,100,100,100,30,40,400,0,5.453005
4,0.424115008,6,3,100,200,100,100,100,30,40,400,0,5.630595
4,0.565486678,6,4,25,200,100,100,100,30,40,400,0,5.67952
4,0.565486678,6,4,50,200,100,100,100,30,40,400,0,5.89123
4,0.565486678,6,4,75,200,100,100,100,30,40,400,0,5.57903
4,0.565486678,6,4,100,200,100,100,100,30,40,400,0,5.910265
4,0.848230016,6,6,25,200,100,100,100,30,40,400,0,6.56789
4,0.848230016,6,6,50,200,100,100,100,30,40,400,0,6.735765
4,0.848230016,6,6,75,200,100,100,100,30,40,400,0,6.365265
4,0.848230016,6,6,100,200,100,100,100,30,40,400,0,6.748195
4,1.130973355,6,8,25,200,100,100,100,30,40,400,0,6.5238
4,1.130973355,6,8,50,200,100,100,100,30,40,400,0,6.95603
4,1.130973355,6,8,75,200,100,100,100,30,40,400,0,6.573125
4,1.130973355,6,8,100,200,100,100,100,30,40,400,0,6.96548
4,0.502654825,8,2,25,200,100,100,100,30,40,400,0,4.9076245
4,0.502654825,8,2,50,200,100,100,100,30,40,400,0,5.315345
4,0.502654825,8,2,75,200,100,100,100,30,40,400,0,5.00308
4,0.502654825,8,2,100,200,100,100,100,30,40,400,0,5.316795
4,0.753982237,8,3,25,200,100,100,100,30,40,400,0,5.626225
4,0.753982237,8,3,50,200,100,100,100,30,40,400,0,6.025685
4,0.753982237,8,3,75,200,100,100,100,30,40,400,0,5.72781
4,0.753982237,8,3,100,200,100,100,100,30,40,400,0,6.036195
4,1.005309649,8,4,25,200,100,100,100,30,40,400,0,5.783195
4,1.005309649,8,4,50,200,100,100,100,30,40,400,0,6.32562
4,1.005309649,8,4,75,200,100,100,100,30,40,400,0,6.074775
4,1.005309649,8,4,100,200,100,100,100,30,40,400,0,6.34617
4,1.507964474,8,6,25,200,100,100,100,30,40,400,0,6.50842
4,1.507964474,8,6,50,200,100,100,100,30,40,400,0,7.093405
4,1.507964474,8,6,75,200,100,100,100,30,40,400,0,6.729975
4,1.507964474,8,6,100,200,100,100,100,30,40,400,0,7.109915
4,2.010619298,8,8,25,200,100,100,100,30,40,400,0,6.732915
4,2.010619298,8,8,50,200,100,100,100,30,40,400,0,7.24178
4,2.010619298,8,8,75,200,100,100,100,30,40,400,0,6.954585
4,2.010619298,8,8,100,200,100,100,100,30,40,400,0,7.283805
4,0.785398163,10,2,25,200,100,100,100,30,40,400,0,5.364695
4,0.785398163,10,2,50,200,100,100,100,30,40,400,0,5.68704
4,0.785398163,10,2,75,200,100,100,100,30,40,400,0,5.497385
4,0.785398163,10,2,100,200,100,100,100,30,40,400,0,5.702095
4,1.178097245,10,3,25,200,100,100,100,30,40,400,0,6.077775
4,1.178097245,10,3,50,200,100,100,100,30,40,400,0,6.414765
4,1.178097245,10,3,75,200,100,100,100,30,40,400,0,6.18111
4,1.178097245,10,3,100,200,100,100,100,30,40,400,0,6.42037
4,1.570796327,10,4,25,200,100,100,100,30,40,400,0,6.183025
4,1.570796327,10,4,50,200,100,100,100,30,40,400,0,6.64097
4,1.570796327,10,4,75,200,100,100,100,30,40,400,0,6.49737
4,1.570796327,10,4,100,200,100,100,100,30,40,400,0,6.68949
4,2.35619449,10,6,25,200,100,100,100,30,40,400,0,7.247125
4,2.35619449,10,6,50,200,100,100,100,30,40,400,0,7.635085
4,2.35619449,10,6,75,200,100,100,100,30,40,400,0,7.352225
4,2.35619449,10,6,100,200,100,100,100,30,40,400,0,7.66295
4,3.141592654,10,8,25,200,100,100,100,30,40,400,0,7.52283
4,3.141592654,10,8,50,200,100,100,100,30,40,400,0,7.80119
4,3.141592654,10,8,75,200,100,100,100,30,40,400,0,7.694775
4,3.141592654,10,8,100,200,100,100,100,30,40,400,0,7.83947
4,1.130973355,12,2,25,200,100,100,100,30,40,400,0,5.702995
4,1.130973355,12,2,50,200,100,100,100,30,40,400,0,6.03949
4,1.130973355,12,2,75,200,100,100,100,30,40,400,0,5.955655
4,1.130973355,12,2,100,200,100,100,100,30,40,400,0,6.06459
4,1.696460033,12,3,25,200,100,100,100,30,40,400,0,6.31708
4,1.696460033,12,3,50,200,100,100,100,30,40,400,0,6.731805
4,1.696460033,12,3,75,200,100,100,100,30,40,400,0,6.5722
4,1.696460033,12,3,100,200,100,100,100,30,40,400,0,6.745195
4,2.261946711,12,4,25,200,100,100,100,30,40,400,0,6.178865
4,2.261946711,12,4,50,200,100,100,100,30,40,400,0,6.90186
4,2.261946711,12,4,75,200,100,100,100,30,40,400,0,6.745415
4,2.261946711,12,4,100,200,100,100,100,30,40,400,0,6.945425
4,3.392920066,12,6,25,200,100,100,100,30,40,400,0,8.14592
4,3.392920066,12,6,50,200,100,100,100,30,40,400,0,8.27568
4,3.392920066,12,6,75,200,100,100,100,30,40,400,0,8.328975
4,3.392920066,12,6,100,200,100,100,100,30,40,400,0,8.32239
4,4.523893421,12,8,25,200,100,100,100,30,40,400,0,7.99166
4,4.523893421,12,8,50,200,100,100,100,30,40,400,0,8.358555
4,4.523893421,12,8,75,200,100,100,100,30,40,400,0,8.477295
4,4.523893421,12,8,100,200,100,100,100,30,40,400,0,8.421625
4,2.010619298,16,2,25,200,100,100,100,30,40,400,0,5.47913
4,2.010619298,16,2,50,200,100,100,100,30,40,400,0,6.29577
4,2.010619298,16,2,75,200,100,100,100,30,40,400,0,6.30794
4,2.010619298,16,2,100,200,100,100,100,30,40,400,0,6.428315
4,3.015928947,16,3,25,200,100,100,100,30,40,400,0,6.471975
4,3.015928947,16,3,50,200,100,100,100,30,40,400,0,7.286245
4,3.015928947,16,3,75,200,100,100,100,30,40,400,0,7.257425
4,3.015928947,16,3,100,200,100,100,100,30,40,400,0,7.36724
4,4.021238597,16,4,25,200,100,100,100,30,40,400,0,6.306175
4,4.021238597,16,4,50,200,100,100,100,30,40,400,0,7.59619
4,4.021238597,16,4,75,200,100,100,100,30,40,400,0,7.602705
4,4.021238597,16,4,100,200,100,100,100,30,40,400,0,7.748335
4,6.031857895,16,6,25,200,100,100,100,30,40,400,0,8.50951
4,6.031857895,16,6,50,200,100,100,100,30,40,400,0,9.236825
4,6.031857895,16,6,75,200,100,100,100,30,40,400,0,9.4281
4,6.031857895,16,6,100,200,100,100,100,30,40,400,0,9.36442
4,8.042477193,16,8,25,200,100,100,100,30,40,400,0,8.17166
4,8.042477193,16,8,50,200,100,100,100,30,40,400,0,9.10465
4,8.042477193,16,8,75,200,100,100,100,30,40,400,0,9.266495
4,8.042477193,16,8,100,200,100,100,100,30,40,400,0,9.2083
4,0.070685835,6,2,25,400,200,200,200,30,40,400,0,3.3182925
4,0.070685835,6,2,50,400,200,200,200,30,40,400,0,3.566205
4,0.070685835,6,2,75,400,200,200,200,30,40,400,0,3.52321875
4,0.070685835,6,2,100,400,200,200,200,30,40,400,0,3.592145
4,0.070685835,6,2,150,400,200,200,200,30,40,400,0,3.5953575
4,0.070685835,6,2,200,400,200,200,200,30,40,400,0,3.59677875
4,0.106028752,6,3,25,400,200,200,200,30,40,400,0,3.52062375
4,0.106028752,6,3,50,400,200,200,200,30,40,400,0,3.9099425
4,0.106028752,6,3,75,400,200,200,200,30,40,400,0,3.89449875
4,0.106028752,6,3,100,400,200,200,200,30,40,400,0,3.97884875
4,0.106028752,6,3,150,400,200,200,200,30,40,400,0,3.9794
4,0.106028752,6,3,200,400,200,200,200,30,40,400,0,3.9788375
4,0.141371669,6,4,25,400,200,200,200,30,40,400,0,3.70053625
4,0.141371669,6,4,50,400,200,200,200,30,40,400,0,4.0546575
4,0.141371669,6,4,75,400,200,200,200,30,40,400,0,3.9060125
4,0.141371669,6,4,100,400,200,200,200,30,40,400,0,4.081485
4,0.141371669,6,4,150,400,200,200,200,30,40,400,0,4.0788425
4,0.141371669,6,4,200,400,200,200,200,30,40,400,0,4.0819125
4,0.212057504,6,6,25,400,200,200,200,30,40,400,0,4.12655125
4,0.212057504,6,6,50,400,200,200,200,30,40,400,0,4.609375
4,0.212057504,6,6,75,400,200,200,200,30,40,400,0,4.4240025
4,0.212057504,6,6,100,400,200,200,200,30,40,400,0,4.653495
4,0.212057504,6,6,150,400,200,200,200,30,40,400,0,4.6525275
4,0.212057504,6,6,200,400,200,200,200,30,40,400,0,4.65403625
4,0.282743339,6,8,25,400,200,200,200,30,40,400,0,4.37866625
4,0.282743339,6,8,50,400,200,200,200,30,40,400,0,4.7858275
4,0.282743339,6,8,75,400,200,200,200,30,40,400,0,4.57520125
4,0.282743339,6,8,100,400,200,200,200,30,40,400,0,4.82862875
4,0.282743339,6,8,150,400,200,200,200,30,40,400,0,4.827655
4,0.282743339,6,8,200,400,200,200,200,30,40,400,0,4.828185
4,0.125663706,8,2,25,400,200,200,200,30,40,400,0,3.635195
4,0.125663706,8,2,50,400,200,200,200,30,40,400,0,3.86389625
4,0.125663706,8,2,75,400,200,200,200,30,40,400,0,3.64552
4,0.125663706,8,2,100,400,200,200,200,30,40,400,0,3.8633575
4,0.125663706,8,2,150,400,200,200,200,30,40,400,0,3.863315
4,0.125663706,8,2,200,400,200,200,200,30,40,400,0,3.86425625
4,0.188495559,8,3,25,400,200,200,200,30,40,400,0,4.02465125
4,0.188495559,8,3,50,400,200,200,200,30,40,400,0,4.35651
4,0.188495559,8,3,75,400,200,200,200,30,40,400,0,4.04983625
4,0.188495559,8,3,100,400,200,200,200,30,40,400,0,4.3579125
4,0.188495559,8,3,150,400,200,200,200,30,40,400,0,4.357765
4,0.188495559,8,3,200,400,200,200,200,30,40,400,0,4.357895
4,0.251327412,8,4,25,400,200,200,200,30,40,400,0,4.0820275
4,0.251327412,8,4,50,400,200,200,200,30,40,400,0,4.37979375
4,0.251327412,8,4,75,400,200,200,200,30,40,400,0,4.10853375
4,0.251327412,8,4,100,400,200,200,200,30,40,400,0,4.38074875
4,0.251327412,8,4,150,400,200,200,200,30,40,400,0,4.3842375
4,0.251327412,8,4,200,400,200,200,200,30,40,400,0,4.38265
4,0.376991118,8,6,25,400,200,200,200,30,40,400,0,4.6592875
4,0.376991118,8,6,50,400,200,200,200,30,40,400,0,5.03593
4,0.376991118,8,6,75,400,200,200,200,30,40,400,0,4.70185
4,0.376991118,8,6,100,400,200,200,200,30,40,400,0,5.0394825
4,0.376991118,8,6,150,400,200,200,200,30,40,400,0,5.0436075
4,0.376991118,8,6,200,400,200,200,200,30,40,400,0,5.04120125
4,0.502654825,8,8,25,400,200,200,200,30,40,400,0,4.82702125
4,0.502654825,8,8,50,400,200,200,200,30,40,400,0,5.2160375
4,0.502654825,8,8,75,400,200,200,200,30,40,400,0,4.973475
4,0.502654825,8,8,100,400,200,200,200,30,40,400,0,5.2418275
4,0.502654825,8,8,150,400,200,200,200,30,40,400,0,5.242085
4,0.502654825,8,8,200,400,200,200,200,30,40,400,0,5.24277625
4,0.196349541,10,2,25,400,200,200,200,30,40,400,0,3.77125
4,0.196349541,10,2,50,400,200,200,200,30,40,400,0,4.04441875
4,0.196349541,10,2,75,400,200,200,200,30,40,400,0,3.7938475
4,0.196349541,10,2,100,400,200,200,200,30,40,400,0,4.04459875
4,0.196349541,10,2,150,400,200,200,200,30,40,400,0,4.0446075
4,0.196349541,10,2,200,400,200,200,200,30,40,400,0,4.04194875
4,0.294524311,10,3,25,400,200,200,200,30,40,400,0,4.24799
4,0.294524311,10,3,50,400,200,200,200,30,40,400,0,4.571545
4,0.294524311,10,3,75,400,200,200,200,30,40,400,0,4.2574925
4,0.294524311,10,3,100,400,200,200,200,30,40,400,0,4.56769625
4,0.294524311,10,3,150,400,200,200,200,30,40,400,0,4.57175875
4,0.294524311,10,3,200,400,200,200,200,30,40,400,0,4.57080625
4,0.392699082,10,4,25,400,200,200,200,30,40,400,0,4.334435
4,0.392699082,10,4,50,400,200,200,200,30,40,400,0,4.620665
4,0.392699082,10,4,75,400,200,200,200,30,40,400,0,4.37803
4,0.392699082,10,4,100,400,200,200,200,30,40,400,0,4.62637125
4,0.392699082,10,4,150,400,200,200,200,30,40,400,0,4.62777375
4,0.392699082,10,4,200,400,200,200,200,30,40,400,0,4.62999875
4,0.589048623,10,6,25,400,200,200,200,30,40,400,0,5.037565
4,0.589048623,10,6,50,400,200,200,200,30,40,400,0,5.33066875
4,0.589048623,10,6,75,400,200,200,200,30,40,400,0,5.108825
4,0.589048623,10,6,100,400,200,200,200,30,40,400,0,5.33970625
4,0.589048623,10,6,150,400,200,200,200,30,40,400,0,5.34324
4,0.589048623,10,6,200,400,200,200,200,30,40,400,0,5.34137375
4,0.785398163,10,8,25,400,200,200,200,30,40,400,0,5.2516225
4,0.785398163,10,8,50,400,200,200,200,30,40,400,0,5.576725
4,0.785398163,10,8,75,400,200,200,200,30,40,400,0,5.47952
4,0.785398163,10,8,100,400,200,200,200,30,40,400,0,5.6335375
4,0.785398163,10,8,150,400,200,200,200,30,40,400,0,5.63694
4,0.785398163,10,8,200,400,200,200,200,30,40,400,0,5.63800375
4,0.282743339,12,2,25,400,200,200,200,30,40,400,0,3.996755
4,0.282743339,12,2,50,400,200,200,200,30,40,400,0,4.20651
4,0.282743339,12,2,75,400,200,200,200,30,40,400,0,3.999325
4,0.282743339,12,2,100,400,200,200,200,30,40,400,0,4.20644
4,0.282743339,12,2,150,400,200,200,200,30,40,400,0,4.20990875
4,0.282743339,12,2,200,400,200,200,200,30,40,400,0,4.20992125
4,0.424115008,12,3,25,400,200,200,200,30,40,400,0,4.534945
4,0.424115008,12,3,50,400,200,200,200,30,40,400,0,4.7890025
4,0.424115008,12,3,75,400,200,200,200,30,40,400,0,4.5339125
4,0.424115008,12,3,100,400,200,200,200,30,40,400,0,4.78866625
4,0.424115008,12,3,150,400,200,200,200,30,40,400,0,4.7885825
4,0.424115008,12,3,200,400,200,200,200,30,40,400,0,4.78857625
4,0.565486678,12,4,25,400,200,200,200,30,40,400,0,4.66008375
4,0.565486678,12,4,50,400,200,200,200,30,40,400,0,4.86400125
4,0.565486678,12,4,75,400,200,200,200,30,40,400,0,4.70562125
4,0.565486678,12,4,100,400,200,200,200,30,40,400,0,4.87625375
4,0.565486678,12,4,150,400,200,200,200,30,40,400,0,4.87390375
4,0.565486678,12,4,200,400,200,200,200,30,40,400,0,4.873945
4,0.848230016,12,6,25,400,200,200,200,30,40,400,0,5.41525875
4,0.848230016,12,6,50,400,200,200,200,30,40,400,0,5.6457425
4,0.848230016,12,6,75,400,200,200,200,30,40,400,0,5.57724875
4,0.848230016,12,6,100,400,200,200,200,30,40,400,0,5.68311
4,0.848230016,12,6,150,400,200,200,200,30,40,400,0,5.68622875
4,0.848230016,12,6,200,400,200,200,200,30,40,400,0,5.6851125
4,1.130973355,12,8,25,400,200,200,200,30,40,400,0,5.50813875
4,1.130973355,12,8,50,400,200,200,200,30,40,400,0,5.81429
4,1.130973355,12,8,75,400,200,200,200,30,40,400,0,5.8655525
4,1.130973355,12,8,100,400,200,200,200,30,40,400,0,5.93905875
4,1.130973355,12,8,150,400,200,200,200,30,40,400,0,5.95386125
4,1.130973355,12,8,200,400,200,200,200,30,40,400,0,5.9553
4,0.502654825,16,2,25,400,200,200,200,30,40,400,0,4.361915
4,0.502654825,16,2,50,400,200,200,200,30,40,400,0,4.52399625
4,0.502654825,16,2,75,400,200,200,200,30,40,400,0,4.5046675
4,0.502654825,16,2,100,400,200,200,200,30,40,400,0,4.538425
4,0.502654825,16,2,150,400,200,200,200,30,40,400,0,4.53894625
4,0.502654825,16,2,200,400,200,200,200,30,40,400,0,4.54077
4,0.753982237,16,3,25,400,200,200,200,30,40,400,0,4.87648125
4,0.753982237,16,3,50,400,200,200,200,30,40,400,0,5.15317875
4,0.753982237,16,3,75,400,200,200,200,30,40,400,0,5.14887125
4,0.753982237,16,3,100,400,200,200,200,30,40,400,0,5.204255
4,0.753982237,16,3,150,400,200,200,200,30,40,400,0,5.20581125
4,0.753982237,16,3,200,400,200,200,200,30,40,400,0,5.20552625
4,1.005309649,16,4,25,400,200,200,200,30,40,400,0,4.87961875
4,1.005309649,16,4,50,400,200,200,200,30,40,400,0,5.319125
4,1.005309649,16,4,75,400,200,200,200,30,40,400,0,5.40759625
4,1.005309649,16,4,100,400,200,200,200,30,40,400,0,5.44392875
4,1.005309649,16,4,150,400,200,200,200,30,40,400,0,5.46417375
4,1.005309649,16,4,200,400,200,200,200,30,40,400,0,5.464415
4,1.507964474,16,6,25,400,200,200,200,30,40,400,0,5.4757575
4,1.507964474,16,6,50,400,200,200,200,30,40,400,0,6.0414625
4,1.507964474,16,6,75,400,200,200,200,30,40,400,0,6.15143625
4,1.507964474,16,6,100,400,200,200,200,30,40,400,0,6.25002875
4,1.507964474,16,6,150,400,200,200,200,30,40,400,0,6.2710975
4,1.507964474,16,6,200,400,200,200,200,30,40,400,0,6.27395375
4,2.010619298,16,8,25,400,200,200,200,30,40,400,0,5.3746275
4,2.010619298,16,8,50,400,200,200,200,30,40,400,0,5.9772375
4,2.010619298,16,8,75,400,200,200,200,30,40,400,0,6.18897875
4,2.010619298,16,8,100,400,200,200,200,30,40,400,0,6.3892375
4,2.010619298,16,8,150,400,200,200,200,30,40,400,0,6.44244625
4,2.010619298,16,8,200,400,200,200,200,30,40,400,0,6.445805
