Rz,ρ,r,n,s,l,b,h1,h2,"fc,new","fc,old",fy,σn,τ
6.87,0,0,0,0,300,150,150,150,39.9,27,0,0,3.16
6.87,0,0,0,0,300,150,150,150,39.9,27,0,0,3.24
5.68,0,0,0,0,300,150,150,150,39.9,27,0,0,2.94
5.68,0,0,0,0,300,150,150,150,39.9,27,0,0,3.01
4.18,0,0,0,0,300,150,150,150,39.9,27,0,0,2.32
4.18,0,0,0,0,300,150,150,150,39.9,27,0,0,2.4
4.18,0,0,0,0,300,150,150,150,39.9,27,0,0,2.74
4.18,0,0,0,0,300,150,150,150,39.9,27,0,0,2.6
3.76,0,0,0,0,300,150,150,150,39.9,27,0,0,2.67
3.76,0,0,0,0,300,150,150,150,39.9,27,0,0,2.47
3.64,0,0,0,0,300,150,150,150,39.9,27,0,0,2.79
4.18,0.5,12,2,130,300,150,150,150,39.9,27,415,0,4.01
4.18,0.5,12,2,130,300,150,150,150,39.9,27,415,0,4.16
4.18,0.5,10,3,130,300,150,150,150,39.9,27,492,0,4.48
4.18,0.5,10,3,130,300,150,150,150,39.9,27,492,0,4.34
4.18,0.5,8,6,130,300,150,150,150,39.9,27,463,0,5.21
4.18,0.5,8,6,130,300,150,150,150,39.9,27,463,0,5.34
3.76,0.5,12,2,130,300,150,150,150,39.9,27,415,0,3.82
3.76,0.5,12,2,130,300,150,150,150,39.9,27,415,0,3.9
3.64,0.5,12,2,130,300,150,150,150,39.9,27,415,0,3.68
3.64,0.5,12,2,130,300,150,150,150,39.9,27,415,0,3.52
0.43,0,0,0,0,300,300,75,100,25,40,0,0,0.61
0.3,0,0,0,0,300,300,75,100,25,40,0,0,0.73
0.5,0,0,0,0,300,300,75,100,25,40,0,0,0.67
2.68,0,0,0,0,300,300,75,100,25,40,0,0,1.28
2.42,0,0,0,0,300,300,75,100,25,40,0,0,1.23
2.82,0,0,0,0,300,300,75,100,25,40,0,0,1.45
3.28,0,0,0,0,300,300,75,100,25,40,0,0,1.55
3.57,0,0,0,0,300,300,75,100,25,40,0,0,1.67
3.15,0,0,0,0,300,300,75,100,25,40,0,0,1.34
3.76,0,0,0,0,300,300,75,100,25,40,0,0,2.95
4.32,0,0,0,0,300,300,75,100,25,40,0,0,3.5
4.45,0,0,0,0,300,300,75,100,25,40,0,0,3.67
6.6,0,0,0,0,300,300,75,100,25,40,0,0,3.78
4.54,0,0,0,0,300,300,75,100,25,40,0,0,3.45
4.89,0,0,0,0,300,300,75,100,25,40,0,0,3.17
0.57,0,0,0,0,300,300,75,100,25,40,0,0.5,1.39
0.52,0,0,0,0,300,300,75,100,25,40,0,0.5,1.28
0.61,0,0,0,0,300,300,75,100,25,40,0,0.5,1.51
2.07,0,0,0,0,300,300,75,100,25,40,0,0.5,1.82
2.28,0,0,0,0,300,300,75,100,25,40,0,0.5,2.09
2.36,0,0,0,0,300,300,75,100,25,40,0,0.5,2.16
3.73,0,0,0,0,300,300,75,100,25,40,0,0.5,2.55
2.62,0,0,0,0,300,300,75,100,25,40,0,0.5,2.28
2.11,0,0,0,0,300,300,75,100,25,40,0,0.5,2.11
4.22,0,0,0,0,300,300,75,100,25,40,0,0.5,3.86
4.65,0,0,0,0,300,300,75,100,25,40,0,0.5,4
3.02,0,0,0,0,300,300,75,100,25,40,0,0.5,3.67
4.17,0,0,0,0,300,300,75,100,25,40,0,0.5,4.67
5.03,0,0,0,0,300,300,75,100,25,40,0,0.5,4.84
4.32,0,0,0,0,300,300,75,100,25,40,0,0.5,4.56
0.53,0,0,0,0,300,300,75,100,25,40,0,1,1.81
0.78,0,0,0,0,300,300,75,100,25,40,0,1,1.71
0.81,0,0,0,0,300,300,75,100,25,40,0,1,1.51
2.16,0,0,0,0,300,300,75,100,25,40,0,1,2.31
1.82,0,0,0,0,300,300,75,100,25,40,0,1,2.63
1.71,0,0,0,0,300,300,75,100,25,40,0,1,2.6
3.05,0,0,0,0,300,300,75,100,25,40,0,1,2.78
3.6,0,0,0,0,300,300,75,100,25,40,0,1,3.22
3.77,0,0,0,0,300,300,75,100,25,40,0,1,3.44
3.2,0,0,0,0,300,300,75,100,25,40,0,1,4.59
3.95,0,0,0,0,300,300,75,100,25,40,0,1,4.87
3.81,0,0,0,0,300,300,75,100,25,40,0,1,4.67
7.77,0,0,0,0,300,300,75,100,25,40,0,1,6.17
4.77,0,0,0,0,300,300,75,100,25,40,0,1,6
4.51,0,0,0,0,300,300,75,100,25,40,0,1,5.72
0.58,0,0,0,0,300,300,75,100,25,40,0,1.5,1.99
0.8,0,0,0,0,300,300,75,100,25,40,0,1.5,1.85
0.98,0,0,0,0,300,300,75,100,25,40,0,1.5,2.11
1.93,0,0,0,0,300,300,75,100,25,40,0,1.5,2.9
2.18,0,0,0,0,300,300,75,100,25,40,0,1.5,3.62
2.05,0,0,0,0,300,300,75,100,25,40,0,1.5,3.47
3.74,0,0,0,0,300,300,75,100,25,40,0,1.5,3.5
2.74,0,0,0,0,300,300,75,100,25,40,0,1.5,3.22
3.82,0,0,0,0,300,300,75,100,25,40,0,1.5,3.72
2.74,0,0,0,0,300,300,75,100,25,40,0,1.5,6.4
4.21,0,0,0,0,300,300,75,100,25,40,0,1.5,6.34
2.98,0,0,0,0,300,300,75,100,25,40,0,1.5,5.78
3.23,0,0,0,0,300,300,75,100,25,40,0,1.5,6.29
4.61,0,0,0,0,300,300,75,100,25,40,0,1.5,6.51
3.45,0,0,0,0,300,300,75,100,25,40,0,1.5,6.45
1.5,0.13,6,1,55,150,150,75,75,39.41,33.5,270,0,1.789
1.5,0.13,6,1,55,150,150,75,75,39.41,33.5,270,0,1.539
1.5,0.13,6,1,55,150,150,75,75,39.41,33.5,270,0,1.78
1.5,0.22,8,1,55,150,150,75,75,39.41,33.5,270,0,1.92
1.5,0.22,8,1,55,150,150,75,75,39.41,33.5,270,0,1.667
1.5,0.22,8,1,55,150,150,75,75,39.41,33.5,270,0,1.879
1.5,0.35,7,2,55,150,150,75,75,39.41,33.5,270,0,1.92
1.5,0.35,7,2,55,150,150,75,75,39.41,33.5,270,0,2.13
1.5,0.35,7,2,55,150,150,75,75,39.41,33.5,270,0,2.592
1.5,0.7,10,2,55,150,150,75,75,39.41,33.5,270,0,2.445
1.5,0.7,10,2,55,150,150,75,75,39.41,33.5,270,0,2.505
1.5,0.7,10,2,55,150,150,75,75,39.41,33.5,270,0,2.478
0.67,0,0,0,0,150,150,75,75,31.1,33.6,0,0,1.107555556
0.67,0,0,0,0,150,150,75,75,31.1,33.6,0,0,0.747111111
0.67,0,0,0,0,150,150,75,75,31.1,33.6,0,0,0.74
1.2,0,0,0,0,150,150,75,75,31.1,32.1,0,0,1.346666667
1.2,0,0,0,0,150,150,75,75,31.1,32.1,0,0,0.964
1.2,0,0,0,0,150,150,75,75,31.1,32.1,0,0,1.880888889
2.18,0,0,0,0,150,150,75,75,31.1,32.6,0,0,1.880444444
2.18,0,0,0,0,150,150,75,75,31.1,32.6,0,0,1.740888889
2.18,0,0,0,0,150,150,75,75,31.1,32.6,0,0,1.862666667
1.15,0,0,0,0,150,150,75,75,31.1,32.1,0,0,1.163555556
1.15,0,0,0,0,150,150,75,75,31.1,32.1,0,0,1.408
1.15,0,0,0,0,150,150,75,75,31.1,32.1,0,0,1.368444444
2.36,0,0,0,0,150,150,75,75,31.1,32.1,0,0,1.949777778
2.36,0,0,0,0,150,150,75,75,31.1,32.1,0,0,2.097777778
2.36,0,0,0,0,150,150,75,75,31.1,32.1,0,0,1.562666667
4.1,0,0,0,0,150,150,75,75,31.1,33.6,0,0,1.352
4.1,0,0,0,0,150,150,75,75,31.1,33.6,0,0,1.611111111
4.1,0,0,0,0,150,150,75,75,31.1,33.6,0,0,1.795555556
0.67,0,0,0,0,150,150,75,75,31.1,32.1,0,0,1.865333333
0.67,0,0,0,0,150,150,75,75,31.1,32.1,0,0,1.320888889
0.67,0,0,0,0,150,150,75,75,31.1,32.1,0,0,1.716888889
1.2,0,0,0,0,150,150,75,75,31.1,36.9,0,0,2.443555556
1.2,0,0,0,0,150,150,75,75,31.1,36.9,0,0,1.441777778
1.2,0,0,0,0,150,150,75,75,31.1,36.9,0,0,1.743111111
2.18,0,0,0,0,150,150,75,75,31.1,32.6,0,0,2.200444444
2.18,0,0,0,0,150,150,75,75,31.1,32.6,0,0,2.173333333
2.18,0,0,0,0,150,150,75,75,31.1,32.6,0,0,1.579555556
1.15,0,0,0,0,150,150,75,75,31.1,33.3,0,0,2.213333333
1.15,0,0,0,0,150,150,75,75,31.1,33.3,0,0,2.056
1.15,0,0,0,0,150,150,75,75,31.1,33.3,0,0,1.906666667
2.36,0,0,0,0,150,150,75,75,31.1,33.3,0,0,2.402666667
2.36,0,0,0,0,150,150,75,75,31.1,33.3,0,0,2.342222222
2.36,0,0,0,0,150,150,75,75,31.1,33.3,0,0,2.025777778
4.1,0,0,0,0,150,150,75,75,31.1,33.3,0,0,1.730666667
4.1,0,0,0,0,150,150,75,75,31.1,33.3,0,0,2.207111111
4.1,0,0,0,0,150,150,75,75,31.1,33.3,0,0,1.490222222
0.67,0,0,0,0,150,150,75,75,37.2,33.6,0,0,3.128444444
0.67,0,0,0,0,150,150,75,75,37.2,33.6,0,0,1.738222222
0.67,0,0,0,0,150,150,75,75,37.2,33.6,0,0,1.659555556
1.2,0,0,0,0,150,150,75,75,37.2,33.3,0,0,2.654666667
1.2,0,0,0,0,150,150,75,75,37.2,33.3,0,0,2.132444444
1.2,0,0,0,0,150,150,75,75,37.2,33.3,0,0,2.567111111
2.18,0,0,0,0,150,150,75,75,37.2,32.6,0,0,2.833777778
2.18,0,0,0,0,150,150,75,75,37.2,32.6,0,0,2.743555556
2.18,0,0,0,0,150,150,75,75,37.2,32.6,0,0,3.037333333
1.15,0,0,0,0,150,150,75,75,37.2,33.3,0,0,2.179555556
1.15,0,0,0,0,150,150,75,75,37.2,33.3,0,0,2.644444444
1.15,0,0,0,0,150,150,75,75,37.2,33.3,0,0,1.925333333
2.36,0,0,0,0,150,150,75,75,37.2,32.1,0,0,2.376444444
2.36,0,0,0,0,150,150,75,75,37.2,32.1,0,0,2.816
2.36,0,0,0,0,150,150,75,75,37.2,32.1,0,0,2.742222222
4.1,0,0,0,0,150,150,75,75,37.2,33.6,0,0,2.658666667
4.1,0,0,0,0,150,150,75,75,37.2,33.6,0,0,1.902222222
4.1,0,0,0,0,150,150,75,75,37.2,33.6,0,0,1.799111111
0.67,0,0,0,0,150,150,75,75,37.4,32.1,0,0,2.170222222
0.67,0,0,0,0,150,150,75,75,37.4,32.1,0,0,2.215111111
0.67,0,0,0,0,150,150,75,75,37.4,32.1,0,0,2.371555556
1.2,0,0,0,0,150,150,75,75,37.4,33.6,0,0,2.084
1.2,0,0,0,0,150,150,75,75,37.4,33.6,0,0,2.925333333
1.2,0,0,0,0,150,150,75,75,37.4,33.6,0,0,2.139111111
2.18,0,0,0,0,150,150,75,75,37.4,33.6,0,0,2.548444444
2.18,0,0,0,0,150,150,75,75,37.4,33.6,0,0,3.120444444
2.18,0,0,0,0,150,150,75,75,37.4,33.6,0,0,3.159111111
1.15,0,0,0,0,150,150,75,75,37.4,36.9,0,0,2.103555556
1.15,0,0,0,0,150,150,75,75,37.4,36.9,0,0,2.432444444
1.15,0,0,0,0,150,150,75,75,37.4,36.9,0,0,2.958222222
2.36,0,0,0,0,150,150,75,75,37.4,36.9,0,0,2.624444444
2.36,0,0,0,0,150,150,75,75,37.4,36.9,0,0,2.889777778
2.36,0,0,0,0,150,150,75,75,37.4,36.9,0,0,3.987555556
4.1,0,0,0,0,150,150,75,75,37.4,36.9,0,0,2.112
4.1,0,0,0,0,150,150,75,75,37.4,36.9,0,0,1.947555556
4.1,0,0,0,0,150,150,75,75,37.4,36.9,0,0,1.908888889
0.5,0,0,0,0,150,150,75,75,25.084,40.675,0,0,1.085
4,0,0,0,0,150,150,75,75,25.084,40.675,0,0,1.345
6,0,0,0,0,150,150,75,75,25.084,40.675,0,0,1.463
8,0,0,0,0,150,150,75,75,25.084,40.675,0,0,1.589
0.5,0,0,0,0,150,150,75,75,29.948,40.675,0,0,1.107
4,0,0,0,0,150,150,75,75,29.948,40.675,0,0,1.381
6,0,0,0,0,150,150,75,75,29.948,40.675,0,0,1.549
8,0,0,0,0,150,150,75,75,29.948,40.675,0,0,1.55
0.5,0,0,0,0,150,150,75,75,41.015,40.675,0,0,1.24
4,0,0,0,0,150,150,75,75,41.015,40.675,0,0,1.435
6,0,0,0,0,150,150,75,75,41.015,40.675,0,0,1.603
8,0,0,0,0,150,150,75,75,41.015,40.675,0,0,1.966
0.5,0,0,0,0,150,150,75,75,25.084,40.675,0,0,1.085
0.5,0,0,0,0,150,150,75,75,25.084,40.675,336,0.007,1.632
0.5,0,0,0,0,150,150,75,75,25.084,40.675,336,0.012,2.158
4,0,0,0,0,150,150,75,75,25.084,40.675,336,0,1.345
4,0,0,0,0,150,150,75,75,25.084,40.675,336,0.007,1.865
4,0,0,0,0,150,150,75,75,25.084,40.675,336,0.012,2.324
6,0,0,0,0,150,150,75,75,25.084,40.675,336,0,1.463
6,0,0,0,0,150,150,75,75,25.084,40.675,336,0.007,1.976
6,0,0,0,0,150,150,75,75,25.084,40.675,336,0.012,2.496
8,0,0,0,0,150,150,75,75,25.084,40.675,336,0,1.589
8,0,0,0,0,150,150,75,75,25.084,40.675,336,0.007,2.132
8,0,0,0,0,150,150,75,75,25.084,40.675,336,0.012,2.612
0.5,0,0,0,0,150,150,75,75,29.948,40.675,336,0,1.107
0.5,0,0,0,0,150,150,75,75,29.948,40.675,336,0.007,1.814
0.5,0,0,0,0,150,150,75,75,29.948,40.675,336,0.012,2.296
4,0,0,0,0,150,150,75,75,29.948,40.675,336,0,1.381
4,0,0,0,0,150,150,75,75,29.948,40.675,336,0.007,1.818
4,0,0,0,0,150,150,75,75,29.948,40.675,336,0.012,2.516
6,0,0,0,0,150,150,75,75,29.948,40.675,336,0,1.549
6,0,0,0,0,150,150,75,75,29.948,40.675,336,0.007,2.122
6,0,0,0,0,150,150,75,75,29.948,40.675,336,0.012,2.734
8,0,0,0,0,150,150,75,75,29.948,40.675,336,0,1.55
8,0,0,0,0,150,150,75,75,29.948,40.675,336,0.007,2.235
8,0,0,0,0,150,150,75,75,29.948,40.675,336,0.012,2.841
0.5,0,0,0,0,150,150,75,75,41.015,40.675,336,0,1.24
0.5,0,0,0,0,150,150,75,75,41.015,40.675,336,0.007,1.865
0.5,0,0,0,0,150,150,75,75,41.015,40.675,336,0.012,2.354
4,0,0,0,0,150,150,75,75,41.015,40.675,336,0,1.435
4,0,0,0,0,150,150,75,75,41.015,40.675,336,0.007,1.955
4,0,0,0,0,150,150,75,75,41.015,40.675,336,0.012,2.535
6,0,0,0,0,150,150,75,75,41.015,40.675,336,0,1.603
6,0,0,0,0,150,150,75,75,41.015,40.675,336,0.007,2.144
6,0,0,0,0,150,150,75,75,41.015,40.675,336,0.012,2.841
8,0,0,0,0,150,150,75,75,41.015,40.675,336,0,1.966
8,0,0,0,0,150,150,75,75,41.015,40.675,336,0.007,2.456
8,0,0,0,0,150,150,75,75,41.015,40.675,336,0.012,2.99
0.5,0,6,0,50,150,150,75,75,25.084,40.675,336,0,1.085
0.5,0.2512,6,2,50,150,150,75,75,25.084,40.675,336,0,1.875
0.5,0.5024,6,4,50,150,150,75,75,25.084,40.675,336,0,2.172
0.5,0.7536,6,6,50,150,150,75,75,25.084,40.675,336,0,2.3413
0.5,0,6,0,50,150,150,75,75,25.084,40.675,336,0.007,1.632
0.5,0.2512,6,2,50,150,150,75,75,25.084,40.675,336,0.007,2.245
0.5,0.5024,6,4,50,150,150,75,75,25.084,40.675,336,0.007,2.432
0.5,0.7536,6,6,50,150,150,75,75,25.084,40.675,336,0.007,2.654
0.5,0,6,0,50,150,150,75,75,25.084,40.675,336,0.012,2.158
0.5,0.2512,6,2,50,150,150,75,75,25.084,40.675,336,0.012,2.789
0.5,0.5024,6,4,50,150,150,75,75,25.084,40.675,336,0.012,2.945
0.5,0.7536,6,6,50,150,150,75,75,25.084,40.675,336,0.012,3.033
0.5,0,6,0,50,150,150,75,75,29.948,40.675,336,0,1.107
0.5,0.2512,6,2,50,150,150,75,75,29.948,40.675,336,0,1.968
0.5,0.5024,6,4,50,150,150,75,75,29.948,40.675,336,0,2.371
0.5,0.7536,6,6,50,150,150,75,75,29.948,40.675,336,0,2.425
0.5,0,6,0,50,150,150,75,75,29.948,40.675,336,0.007,1.814
0.5,0.2512,6,2,50,150,150,75,75,29.948,40.675,336,0.007,2.412
0.5,0.5024,6,4,50,150,150,75,75,29.948,40.675,336,0.007,2.635
0.5,0.7536,6,6,50,150,150,75,75,29.948,40.675,336,0.007,2.987
0.5,0,6,0,50,150,150,75,75,29.948,40.675,336,0.012,2.296
0.5,0.2512,6,2,50,150,150,75,75,29.948,40.675,336,0.012,3.216
0.5,0.5024,6,4,50,150,150,75,75,29.948,40.675,336,0.012,3.471
0.5,0.7536,6,6,50,150,150,75,75,29.948,40.675,336,0.012,3.923
0.5,0,6,0,50,150,150,75,75,41.015,40.675,336,0,1.24
0.5,0.2512,6,2,50,150,150,75,75,41.015,40.675,336,0,2.214
0.5,0.5024,6,4,50,150,150,75,75,41.015,40.675,336,0,2.511
0.5,0.7536,6,6,50,150,150,75,75,41.015,40.675,336,0,2.573
0.5,0,6,0,50,150,150,75,75,41.015,40.675,336,0.007,1.865
0.5,0.2512,6,2,50,150,150,75,75,41.015,40.675,336,0.007,2.762
0.5,0.5024,6,4,50,150,150,75,75,41.015,40.675,336,0.007,2.87
0.5,0.7536,6,6,50,150,150,75,75,41.015,40.675,336,0.007,3.454
0.5,0,6,0,50,150,150,75,75,41.015,40.675,336,0.012,2.354
0.5,0.2512,6,2,50,150,150,75,75,41.015,40.675,336,0.012,3.356
0.5,0.5024,6,4,50,150,150,75,75,41.015,40.675,336,0.012,3.807
0.5,0.7536,6,6,50,150,150,75,75,41.015,40.675,336,0.012,4.483
6.4,0.8,8,6,150,250,150,170,170,65.83,40.77,360,0,6.442666667
6.4,0.8,8,6,150,250,150,170,170,65.83,40.77,360,0,6.088
6.4,1.2,10,6,150,250,150,170,170,65.83,40.77,360,0,9.682666667
6.4,1.2,10,6,150,250,150,170,170,65.83,40.77,360,0,9.304
6.4,1.8,12,6,150,250,150,170,170,65.83,40.77,360,0,9.728
6.4,1.8,12,6,150,250,150,170,170,65.83,40.77,360,0,8.896
6.4,0.8,8,6,150,250,150,170,170,65.83,42.06,360,0,6.053333333
6.4,0.8,8,6,150,250,150,170,170,65.83,42.06,360,0,6.106666667
6.4,1.2,10,6,150,250,150,170,170,65.83,42.06,360,0,9.624
6.4,1.2,10,6,150,250,150,170,170,65.83,42.06,360,0,9.421333333
6.4,1.8,12,6,150,250,150,170,170,65.83,42.06,360,0,9.578666667
6.4,1.8,12,6,150,250,150,170,170,65.83,42.06,360,0,10.34666667
6.4,0.8,8,6,150,250,150,170,170,65.83,38.32,360,0,6.048
6.4,0.8,8,6,150,250,150,170,170,65.83,38.32,360,0,5.589333333
6.4,1.2,10,6,150,250,150,170,170,65.83,38.32,360,0,7.781333333
6.4,1.2,10,6,150,250,150,170,170,65.83,38.32,360,0,7.618666667
6.4,1.8,12,6,150,250,150,170,170,65.83,38.32,360,0,8.944
6.4,1.8,12,6,150,250,150,170,170,65.83,38.32,360,0,8.733333333
5.91,0,0,0,0,150,150,150,150,34.6,41.5,0,0,2.67
5.92,0.502,12,1,120,150,150,150,150,34.6,41.5,440.18,0,3.5
6.01,0.502,12,1,120,150,150,150,150,34.6,41.5,440.18,0,3.7
5.87,0.502,12,1,120,150,150,150,150,34.6,41.5,440.18,0,3.6
5.72,0.171,7,1,70,150,150,150,150,27.2,24.5,564.07,0,1.75
6.03,0.348,10,1,100,150,150,150,150,27.2,24.5,420.22,0,2.41
5.79,0.502,12,1,120,150,150,150,150,27.2,24.5,440.18,0,3.04
5.85,0.684,14,1,140,150,150,150,150,27.2,24.5,383.76,0,4.13
5.96,0.684,14,1,140,150,150,150,150,27.2,24.5,383.76,0,4.13
6.06,0.893,16,1,145,150,150,150,150,27.2,24.5,375.45,0,4.54
5.88,0.171,7,1,70,150,150,150,150,37.7,39.7,564.07,0,2.27
5.92,0.348,10,1,100,150,150,150,150,37.7,39.7,420.22,0,2.37
5.78,0.502,12,1,120,150,150,150,150,37.7,39.7,440.18,0,2.98
5.84,0.684,14,1,140,150,150,150,150,37.7,39.7,383.76,0,4.13
5.88,0.684,14,1,140,150,150,150,150,37.7,39.7,383.76,0,4.13
5.81,0.893,16,1,145,150,150,150,150,37.7,39.7,375.45,0,4.37
5.76,0,0,0,0,150,150,150,150,44.6,47.6,0,0,2.94
5.89,0,0,0,0,150,150,150,150,44.6,47.6,0,0,3.41
5.78,0.502,12,1,120,150,150,150,150,44.6,47.6,440.18,0,4.42
6.01,0.502,12,1,120,150,150,150,150,44.6,47.6,440.18,0,4.43
6.12,0.684,14,1,140,150,150,150,150,44.6,47.6,383.76,0,4.36
5.89,0.684,14,1,140,150,150,150,150,44.6,47.6,383.76,0,4.36
6.11,0.893,16,1,145,150,150,150,150,44.6,47.6,375.45,0,4.82
5.67,0.171,7,1,70,150,150,150,150,50.2,51.9,564.07,0,2.02
5.78,0.171,7,1,70,150,150,150,150,50.2,51.9,564.07,0,2.02
5.65,0.348,14,1,140,150,150,150,150,50.2,51.9,420.22,0,2.29
5.81,0.502,12,1,120,150,150,150,150,50.2,51.9,440.18,0,4.4
6.11,0.684,14,1,140,150,150,150,150,50.2,51.9,383.76,0,4.5
5.59,0.893,16,1,145,150,150,150,150,50.2,51.9,375.45,0,4.71
0,0,0,0,0,97.02,100,150,75,26.7,25,0,0,0.75
0,0,0,0,0,105.84,100,150,75,26.7,25,0,0,0.76
1.59,0,0,0,0,98,100,150,75,26.7,25,0,0,1.08
1.26,0,0,0,0,102,100,150,75,26.7,25,0,0,0.91
1.75,0,0,0,0,109,100,150,75,26.7,25,0,0,1.04
2.84,0,0,0,0,90.24,100,150,75,26.7,25,0,0,1.4
3.39,0,0,0,0,94.88,100,150,75,26.7,25,0,0,1.53
0,0,0,0,0,97.76,100,150,75,33.07,25,0,0,0.88
0,0,0,0,0,95.06,100,150,75,33.07,25,0,0,0.72
0,0,0,0,0,101,100,150,75,33.07,25,0,0,0.75
1.25,0,0,0,0,102,100,150,75,33.07,25,0,0,1.32
1.18,0,0,0,0,89.18,100,150,75,33.07,25,0,0,1.14
1.94,0,0,0,0,92,100,150,75,33.07,25,0,0,1.79
2.2,0,0,0,0,102.9,100,150,75,33.07,25,0,0,1.14
2.25,0,0,0,0,105,100,150,75,33.07,25,0,0,1.79
0,0,0,0,0,103.02,100,150,75,36.43,25,0,0,0.74
0,0,0,0,0,101.92,100,150,75,36.43,25,0,0,1.02
0,0,0,0,0,104,100,150,75,36.43,25,0,0,0.86
1.43,0,0,0,0,101.97,100,150,75,36.43,25,0,0,1.2
1.36,0,0,0,0,96,100,150,75,36.43,25,0,0,1.04
1.47,0,0,0,0,96.9,100,150,75,36.43,25,0,0,1.47
1.88,0,0,0,0,100.444,100,150,75,36.43,25,0,0,1.96
4.21,0,0,0,0,93,100,150,75,36.43,25,0,0,2.44
2.03,0,0,0,0,101.85,100,150,75,36.43,25,0,0,1.52
3,0,0,0,0,400,200,200,200,40,30,0,0,1.5
3,0,0,0,0,400,200,200,200,40,30,0,0,1.625
3,0.34,8,6,80,400,200,200,200,40,30,300,0,2
3,0.34,8,6,80,400,200,200,200,40,30,300,0,1.875
3,0.54,10,6,100,400,200,200,200,40,30,300,0,2
3,0.54,10,6,100,400,200,200,200,40,30,300,0,1.75
3,0.77,12,6,120,400,200,200,200,40,30,300,0,3.625
3,0.77,12,6,120,400,200,200,200,40,30,300,0,3.125
3,0.34,8,6,80,400,200,200,200,40,30,300,0,2.125
3,0.34,8,6,80,400,200,200,200,40,30,300,0,1.625
3,0.54,10,6,100,400,200,200,200,40,30,300,0,2.125
3,0.54,10,6,100,400,200,200,200,40,30,300,0,2
3,0.77,12,6,120,400,200,200,200,40,30,300,0,3.5
3,0.77,12,6,120,400,200,200,200,40,30,300,0,3.625
1.378,0,0,0,0,150,150,75,75,36.6,24.8,0,-0.22,2.9
1.333,0,0,0,0,150,150,75,75,43.13,24.8,0,-0.22,1.41
1.333,0,0,0,0,150,150,75,75,43.13,24.8,0,-0.22,2.41
1.333,0,0,0,0,150,150,75,75,43.13,24.8,0,-0.22,1.58
1.422,0,0,0,0,150,150,75,75,43.13,24.8,0,-0.44,1.34
1.378,0,0,0,0,150,150,75,75,43.13,24.8,0,-0.44,2.44
1.378,0,0,0,0,150,150,75,75,43.13,24.8,0,-0.44,1.96
1.422,0,0,0,0,150,150,75,75,43.13,24.8,0,-0.44,1.06
1.067,0,0,0,0,150,150,75,75,50,24.8,0,-0.88,1.3
1.022,0,0,0,0,150,150,75,75,50,24.8,0,-0.88,2.17
1.022,0,0,0,0,150,150,75,75,50,24.8,0,-0.88,2.31
1.022,0,0,0,0,150,150,75,75,50,24.8,0,-0.88,0.96
0.978,0,0,0,0,150,150,75,75,50,24.8,0,-0.88,1.38
0.978,0,0,0,0,150,150,75,75,50,24.8,0,-1.33,1.15
1.022,0,0,0,0,150,150,75,75,43.04,24.8,0,-1.33,0.41
0.978,0,0,0,0,150,150,75,75,43.04,24.8,0,-1.33,0.91
0.933,0,0,0,0,150,150,75,75,43.04,24.8,0,-1.56,0.36
0.933,0,0,0,0,150,150,75,75,43.04,24.8,0,-1.56,0.61
0.889,0,0,0,0,150,150,75,75,38.6,24.8,0,2,6.2
1.067,0,0,0,0,150,150,75,75,38.6,24.8,0,2,6.53
0.933,0,0,0,0,150,150,75,75,38.6,24.8,0,2,5.56
0.8,0,0,0,0,150,150,75,75,48.4,24.8,0,2,5.6
1.156,0,0,0,0,150,150,75,75,38.6,24.8,0,3.78,6.73
1.2,0,0,0,0,150,150,75,75,38.6,24.8,0,3.78,7.91
1.111,0,0,0,0,150,150,75,75,38.6,24.8,0,3.78,7.71
1.244,0,0,0,0,150,150,75,75,38.6,24.8,0,3.78,7.29
2.044,0,0,0,0,150,150,75,75,36.6,24.8,0,-0.22,2.76
2.133,0,0,0,0,150,150,75,75,36.6,24.8,0,-0.22,1.9
2.044,0,0,0,0,150,150,75,75,43.13,24.8,0,-0.22,1.86
2.089,0,0,0,0,150,150,75,75,36.6,24.8,0,-0.22,1.41
2.089,0,0,0,0,150,150,75,75,43.13,24.8,0,-0.44,1.2
2.133,0,0,0,0,150,150,75,75,43.13,24.8,0,-0.44,1.88
2.133,0,0,0,0,150,150,75,75,43.13,24.8,0,-0.44,1.51
2.133,0,0,0,0,150,150,75,75,43.13,24.8,0,-0.44,1.61
2.533,0,0,0,0,150,150,75,75,44.7,24.8,0,2,5.78
2.222,0,0,0,0,150,150,75,75,44.7,24.8,0,2,6.99
2.356,0,0,0,0,150,150,75,75,44.7,24.8,0,2,6.75
2,0,0,0,0,150,150,75,75,38.6,24.8,0,3.78,7.39
2,0,0,0,0,150,150,75,75,38.6,24.8,0,3.78,7.45
2,0,0,0,0,150,150,75,75,38.6,24.8,0,3.78,7.2
3.022,0,0,0,0,150,150,75,75,50,24.8,0,-0.88,2.08
2.978,0,0,0,0,150,150,75,75,50,24.8,0,-0.88,1.27
2.933,0,0,0,0,150,150,75,75,50,24.8,0,-0.88,1.84
2.933,0,0,0,0,150,150,75,75,50,24.8,0,-0.88,2.56
3.022,0,0,0,0,150,150,75,75,50,24.8,0,-1.33,1.3
2.978,0,0,0,0,150,150,75,75,50,24.8,0,-1.33,1.2
2.933,0,0,0,0,150,150,75,75,43.04,24.8,0,-1.56,0.78
2.889,0,0,0,0,150,150,75,75,43.04,24.8,0,-1.56,0.57
2.756,0,0,0,0,150,150,75,75,43.04,24.8,0,-1.56,1.1
2.756,0,0,0,0,150,150,75,75,44.7,24.8,0,2,6.96
3.867,0,0,0,0,150,150,75,75,36.6,24.8,0,-0.22,2.24
3.822,0,0,0,0,150,150,75,75,43.13,24.8,0,-0.22,2.12
3.822,0,0,0,0,150,150,75,75,43.13,24.8,0,-0.22,1.89
3.822,0,0,0,0,150,150,75,75,43.13,24.8,0,-0.22,1.36
3.733,0,0,0,0,150,150,75,75,43.13,24.8,0,-0.44,1.65
3.911,0,0,0,0,150,150,75,75,43.13,24.8,0,-0.44,1.55
3.822,0,0,0,0,150,150,75,75,43.13,24.8,0,-0.44,1.6
3.867,0,0,0,0,150,150,75,75,43.13,24.8,0,-0.44,1.92
4.044,0,0,0,0,150,150,75,75,43.13,24.8,0,-0.88,2.3
4.444,0,0,0,0,150,150,75,75,43.04,24.8,0,-0.88,1.83
4.311,0,0,0,0,150,150,75,75,50,24.8,0,-0.88,1.52
4.356,0,0,0,0,150,150,75,75,50,24.8,0,-0.88,1.99
4.356,0,0,0,0,150,150,75,75,50,24.8,0,-1.33,0.91
4.444,0,0,0,0,150,150,75,75,50,24.8,0,-1.33,1.48
4.444,0,0,0,0,150,150,75,75,50,24.8,0,-1.33,1.1
4.222,0,0,0,0,150,150,75,75,43.04,24.8,0,-1.56,1.06
4.178,0,0,0,0,150,150,75,75,43.04,24.8,0,-1.56,0.66
3.6,0,0,0,0,150,150,75,75,44.7,24.8,0,2,6.22
3.556,0,0,0,0,150,150,75,75,44.7,24.8,0,2,6.22
3.511,0,0,0,0,150,150,75,75,44.7,24.8,0,2,6.52
3.556,0,0,0,0,150,150,75,75,38.6,24.8,0,3.78,7.84
3.556,0,0,0,0,150,150,75,75,38.6,24.8,0,3.78,8.26
3.556,0,0,0,0,150,150,75,75,38.6,24.8,0,3.78,7.63
3.6,0,0,0,0,150,150,75,75,38.6,24.8,0,3.78,8
6,0,0,0,0,100,200,200,200,60.8,65.1,300,0,5.52
6,0,0,0,0,100,200,200,200,60.8,65.1,300,0,5.92
6,0,0,0,0,200,200,200,200,60.8,65.1,300,0,4.76
6,0,0,0,0,200,200,200,200,60.8,65.1,300,0,5.12
6,0,0,0,0,330,200,200,200,60.8,65.1,300,0,3.55
6,0,0,0,0,330,200,200,200,60.8,65.1,300,0,3.91
6,0,0,0,0,440,200,200,200,60.8,65.1,300,0,3.21
6,0,0,0,0,440,200,200,200,60.8,65.1,300,0,3.38
6,0.5,8,2,60,100,200,200,200,60.8,65.1,300,0,6.1
6,0.5,8,2,60,100,200,200,200,60.8,65.1,300,0,6.33
6,0.5,8,4,60,200,200,200,200,60.8,65.1,300,0,5.52
6,0.5,8,4,60,200,200,200,200,60.8,65.1,300,0,5.3
6,0.5,8,6,60,330,200,200,200,60.8,65.1,300,0,4.57
6,0.5,8,6,60,330,200,200,200,60.8,65.1,300,0,4.77
6,0.5,8,8,60,440,200,200,200,60.8,65.1,300,0,4.32
6,0.5,8,8,60,440,200,200,200,60.8,65.1,300,0,4.13
1.821,0,0,0,0,200,150,150,150,36.94,40.17,0,1.56,2.88
1.821,0,0,0,0,200,150,150,150,36.94,40.17,0,0.58,2.19
1.821,0,0,0,0,200,150,150,150,36.94,40.17,0,0.87,3.4
1.821,0,0,0,0,200,150,150,150,36.94,40.17,0,3.79,5.35
1.821,0,0,0,0,200,150,150,150,36.94,40.17,0,4,5.49
2.614,0,0,0,0,200,150,150,150,36.94,40.17,0,2.97,2.56
2.614,0,0,0,0,200,150,150,150,36.94,40.17,0,3.09,2.63
2.614,0,0,0,0,200,150,150,150,36.94,40.17,0,2.89,3.97
2.614,0,0,0,0,200,150,150,150,36.94,40.17,0,3.55,3.06
2.614,0,0,0,0,200,150,150,150,36.94,40.17,0,3.79,6.03
2.614,0,0,0,0,200,150,150,150,36.94,40.17,0,4.32,7.92
2.614,0,0,0,0,200,150,150,150,36.94,40.17,0,4.42,7.89
2.614,0,0,0,0,200,150,150,150,36.94,40.17,0,4.32,9.39
6.122,0,0,0,0,200,150,150,150,36.94,40.17,0,7.18,10.12
6.122,0,0,0,0,200,150,150,150,36.94,40.17,0,6.61,10.83
6.122,0,0,0,0,200,150,150,150,36.94,40.17,0,6.74,8.86
6.122,0,0,0,0,200,150,150,150,36.94,40.17,0,6.92,11.22
6.122,0,0,0,0,200,150,150,150,36.94,40.17,0,6.3,9.31
0.933,0,0,0,0,150,150,75,75,38.6,24,0,2,5.56
0.8,0,0,0,0,150,150,75,75,48.4,24,0,2,5.6
2.533,0,0,0,0,150,150,75,75,44.7,24,0,2,5.78
2.222,0,0,0,0,150,150,75,75,44.7,24,0,2,6.99
2.356,0,0,0,0,150,150,75,75,44.7,24,0,2,6.75
2.756,0,0,0,0,150,150,75,75,44.7,24,0,2,6.96
3.6,0,0,0,0,150,150,75,75,44.7,24,0,2,6.22
3.556,0,0,0,0,150,150,75,75,44.7,24,0,2,6.22
3.511,0,0,0,0,150,150,75,75,44.7,24,0,2,6.52
1.156,0,0,0,0,150,150,75,75,38.6,24,0,3.78,6.73
1.2,0,0,0,0,150,150,75,75,38.6,24,0,3.78,7.97
1.111,0,0,0,0,150,150,75,75,38.6,24,0,3.78,7.71
1.244,0,0,0,0,150,150,75,75,38.6,24,0,3.78,7.29
2,0,0,0,0,150,150,75,75,38.6,24,0,3.78,7.39
2,0,0,0,0,150,150,75,75,38.6,24,0,3.78,7.45
2,0,0,0,0,150,150,75,75,38.6,24,0,3.78,7.204
3.556,0,0,0,0,150,150,75,75,38.6,24,0,3.78,7.84
3.556,0,0,0,0,150,150,75,75,38.6,24,0,3.78,8.26
3.556,0,0,0,0,150,150,75,75,38.6,24,0,3.78,7.63
3.6,0,0,0,0,150,150,75,75,38.6,24,0,3.78,8
1.067,0,0,0,0,150,150,75,75,42.8,24,0,8,10.24
1.067,0,0,0,0,150,150,75,75,42.8,24,0,8,10.13
1.111,0,0,0,0,150,150,75,75,42.8,24,0,8,10.33
2,0,0,0,0,150,150,75,75,38.6,24,0,8,10.42
2,0,0,0,0,150,150,75,75,38.6,24,0,8,11.21
2,0,0,0,0,150,150,75,75,38.6,24,0,8,11.94
2,0,0,0,0,150,150,75,75,42.8,24,0,8,12.44
3.644,0,0,0,0,150,150,75,75,38.6,24,0,8,11.02
3.733,0,0,0,0,150,150,75,75,38.6,24,0,8,11.47
3.556,0,0,0,0,150,150,75,75,42.8,24,0,8,11.06
1.2,0,0,0,0,150,150,75,75,42.8,24,0,10,13.02
1.244,0,0,0,0,150,150,75,75,42.8,24,0,10,13.07
1.2,0,0,0,0,150,150,75,75,42.8,24,0,10,11.84
0.8,0,0,0,0,150,150,75,75,42.8,24,0,10,10.94
2,0,0,0,0,150,150,75,75,42.8,24,0,10,12.62
2,0,0,0,0,150,150,75,75,42.8,24,0,10,12
2,0,0,0,0,150,150,75,75,42.8,24,0,10,12.702
3.556,0,0,0,0,150,150,75,75,42.8,24,0,10,14.49
3.644,0,0,0,0,150,150,75,75,42.8,24,0,10,13.83
3.644,0,0,0,0,150,150,75,75,42.8,24,0,10,14.05
0.8,0,0,0,0,150,150,75,75,48.4,24,0,12,13.58
0.844,0,0,0,0,150,150,75,75,48.4,24,0,12,14.25
0.889,0,0,0,0,150,150,75,75,48.4,24,0,12,11.05
0.889,0,0,0,0,150,150,75,75,48.4,24,0,12,12.27
2.044,0,0,0,0,150,150,75,75,48.4,24,0,12,11.62
2.044,0,0,0,0,150,150,75,75,48.4,24,0,12,13.31
2.622,0,0,0,0,150,150,75,75,48.4,24,0,12,12.72
3.689,0,0,0,0,150,150,75,75,42.8,24,0,12,13.23
3.644,0,0,0,0,150,150,75,75,48.4,24,0,12,13.18
3.822,0,0,0,0,150,150,75,75,48.4,24,0,12,15.16
0.756,0,0,0,0,150,150,75,75,44.7,24,0,14,12.96
0.756,0,0,0,0,150,150,75,75,44.7,24,0,14,10.07
0.8,0,0,0,0,150,150,75,75,44.7,24,0,14,13.01
2.756,0,0,0,0,150,150,75,75,48.4,24,0,14,11.96
2.8,0,0,0,0,150,150,75,75,48.4,24,0,14,12.84
2.8,0,0,0,0,150,150,75,75,48.4,24,0,14,12.89
3.822,0,0,0,0,150,150,75,75,48.4,24,0,14,13.41
4,0,0,0,0,150,150,75,75,48.4,24,0,14,15.84
4.044,0,0,0,0,150,150,75,75,48.4,24,0,14,13.12
1.244,0,0,0,0,150,150,75,75,48.4,24,0,16,12.72
4,0,0,0,0,150,150,75,75,44.7,24,0,16,12.404
1.333,0,0,0,0,150,150,75,75,43.13,25.5,0,-0.22,1.41
1.333,0,0,0,0,150,150,75,75,43.13,25.5,0,-0.22,1.58
2.133,0,0,0,0,150,150,75,75,36.6,25.5,0,-0.22,1.902
2.044,0,0,0,0,150,150,75,75,43.13,25.5,0,-0.22,1.86
2.089,0,0,0,0,150,150,75,75,36.6,25.5,0,-0.22,1.41
3.867,0,0,0,0,150,150,75,75,36.6,25.5,0,-0.22,2.24
3.822,0,0,0,0,150,150,75,75,43.13,25.5,0,-0.22,2.12
3.822,0,0,0,0,150,150,75,75,43.13,25.5,0,-0.22,1.589
3.822,0,0,0,0,150,150,75,75,43.13,25.5,0,-0.22,1.36
1.422,0,0,0,0,150,150,75,75,43.13,25.5,0,-0.44,1.34
1.422,0,0,0,0,150,150,75,75,43.13,25.5,0,-0.44,1.06
2.089,0,0,0,0,150,150,75,75,43.13,25.5,0,-0.44,1.2
2.133,0,0,0,0,150,150,75,75,43.13,25.5,0,-0.44,1.88
2.133,0,0,0,0,150,150,75,75,43.13,25.5,0,-0.44,1.51
2.133,0,0,0,0,150,150,75,75,43.13,25.5,0,-0.44,1.61
3.733,0,0,0,0,150,150,75,75,43.13,25.5,0,-0.44,1.65
3.911,0,0,0,0,150,150,75,75,43.13,25.5,0,-0.44,1.55
3.822,0,0,0,0,150,150,75,75,43.13,25.5,0,-0.44,1.604
3.867,0,0,0,0,150,150,75,75,43.13,25.5,0,-0.44,1.92
1.067,0,0,0,0,150,150,75,75,50,25.5,0,-0.88,1.3
1.022,0,0,0,0,150,150,75,75,50,25.5,0,-0.88,2.17
1.022,0,0,0,0,150,150,75,75,50,25.5,0,-0.88,2.31
1.022,0,0,0,0,150,150,75,75,50,25.5,0,-0.88,0.96
0.978,0,0,0,0,150,150,75,75,50,25.5,0,-0.88,1.38
3.022,0,0,0,0,150,150,75,75,50,25.5,0,-0.88,2.08
2.978,0,0,0,0,150,150,75,75,50,25.5,0,-0.88,1.27
2.933,0,0,0,0,150,150,75,75,50,25.5,0,-0.88,1.84
2.933,0,0,0,0,150,150,75,75,50,25.5,0,-0.88,2.56
4.044,0,0,0,0,150,150,75,75,43.13,25.5,0,-0.88,2.3
4.444,0,0,0,0,150,150,75,75,43.01,25.5,0,-0.88,1.83
4.311,0,0,0,0,150,150,75,75,50,25.5,0,-0.88,1.52
4.356,0,0,0,0,150,150,75,75,50,25.5,0,-0.88,1.99
0.978,0,0,0,0,150,150,75,75,50,25.5,0,-1.33,1.15
0.978,0,0,0,0,150,150,75,75,43.04,25.5,0,-1.33,0.91
3.022,0,0,0,0,150,150,75,75,50,25.5,0,-1.33,1.3
2.978,0,0,0,0,150,150,75,75,50,25.5,0,-1.33,1.2
4.356,0,0,0,0,150,150,75,75,50,25.5,0,-1.33,0.91
4.444,0,0,0,0,150,150,75,75,50,25.5,0,-1.33,1.48
4.444,0,0,0,0,150,150,75,75,50,25.5,0,-1.33,1.1
0.933,0,0,0,0,150,150,75,75,43.04,25.5,0,-1.56,0.36
0.933,0,0,0,0,150,150,75,75,43.04,25.5,0,-1.56,0.61
2.933,0,0,0,0,150,150,75,75,43.04,25.5,0,-1.56,0.78
2.889,0,0,0,0,150,150,75,75,43.04,25.5,0,-1.56,0.57
2.756,0,0,0,0,150,150,75,75,43.04,25.5,0,-1.56,1.1
4.222,0,0,0,0,150,150,75,75,43.04,25.5,0,-1.56,1.06
4.178,0,0,0,0,150,150,75,75,43.04,25.5,0,-1.56,0.66
3,0.34,8,6,80,400,200,200,200,40,30,300,0,2
3,0.34,8,6,80,400,200,200,200,40,30,300,0,1.875
3,0.54,10,6,100,400,200,200,200,40,30,300,0,2
3,0.54,10,6,100,400,200,200,200,40,30,300,0,1.75
3,0.77,12,6,120,400,200,200,200,40,30,300,0,3.625
3,0.77,12,6,120,400,200,200,200,40,30,300,0,3.125
3,0.34,8,6,80,400,200,200,200,40,30,300,0,2.125
3,0.34,8,6,80,400,200,200,200,40,30,300,0,1.625
3,0.54,10,6,100,400,200,200,200,40,30,300,0,2.125
3,0.54,10,6,100,400,200,200,200,40,30,300,0,2
3,0.77,12,6,120,400,200,200,200,40,30,300,0,3.5
3,0.77,12,6,120,400,200,200,200,40,30,300,0,3.625
0.94,0.06,4,5,100,753,151,149,61,22.8,41.7,300,0,1.046586282
0.94,0.06,4,5,100,754,150,149,61,22.8,41.7,300,0,0.689655172
0.94,0.06,4,5,100,752,151,152,58,22.8,41.7,300,0,1.030364943
0.94,0.06,4,5,100,751,150,150,60,22.8,41.7,300,0,1.251664447
0.94,0.06,4,5,100,751,150,149,61,22.8,41.7,300,0,0.790057701
0.94,0.06,4,5,100,755,153,148,62,22.8,41.7,300,0,0.865688439
0.94,0,0,0,0,751,152,150,60,22.8,41.7,300,0,0.630737963
0.94,0,0,0,0,750,152,150,60,22.8,41.7,300,0,1.078947368
0.94,0,0,0,0,750,152,148,62,22.8,41.7,300,0,0.903508772
0.94,0,0,0,0,752,155,151,59,22.8,41.7,300,0,1.269732327
0.94,0,0,0,0,753,151,150,60,22.8,41.7,300,0,1.116945023
0.94,0,0,0,0,750,153,150,60,22.8,41.7,300,0,1.106753813
4.02,0.06,4,5,100,752,150,154,56,25.5,41.7,300,0,0.957446809
4.02,0.06,4,5,100,755,151,159,51,25.5,41.7,300,0,1.359589492
4.02,0.06,4,5,100,750,150,155,55,25.5,41.7,300,0,1.404444444
4.02,0.06,4,5,100,750,152,146,64,25.5,41.7,300,0,1.929824561
4.02,0.06,4,5,100,749,149,158,52,25.5,41.7,300,0,1.308232005
4.02,0.06,4,5,100,748,150,151,59,25.5,41.7,300,0,1.951871658
0.94,0.06,4,5,100,751,155,149,61,31.4,41.7,300,0,1.237060264
0.94,0.06,4,5,100,750,156,149,61,31.4,41.7,300,0,1.273504274
0.94,0.06,4,5,100,751,155,150,60,31.4,41.7,300,0,0.936385894
0.94,0.06,4,5,100,753,156,150,60,31.4,41.7,300,0,1.149249157
0.94,0.06,4,5,100,749,155,151,59,31.4,41.7,300,0,1.111158965
0.94,0.06,4,5,100,753,156,151,59,31.4,41.7,300,0,1.259917595
4.02,0.06,4,5,100,752,151,154,56,29.2,41.7,300,0,1.505917994
4.02,0.06,4,5,100,754,149,156,54,29.2,41.7,300,0,1.566588931
4.02,0.06,4,5,100,748,150,156,54,29.2,41.7,300,0,1.693404635
4.02,0.06,4,5,100,751,150,155,55,29.2,41.7,300,0,1.19840213
4.02,0.06,4,5,100,752,149,154,56,29.2,41.7,300,0,1.731400828
4.02,0.06,4,5,100,751,149,156,54,29.2,41.7,300,0,1.724769658
3.82,0.07,4,6,100,753,150,148,62,23.9,31.5,300,0,1.522797698
3.82,0.07,4,6,100,753,150,151,59,23.9,31.5,300,0,1.478530323
3.82,0.07,4,6,100,752,154,147,63,23.9,31.5,300,0,1.079372755
3.82,0.07,4,6,100,754,153,150,60,23.9,31.5,300,0,1.49962726
3.82,0.07,4,6,100,750,150,147,63,23.9,31.5,300,0,1.315555556
3.82,0.07,4,6,100,750,151,150,60,23.9,31.5,300,0,1.562913907
3.82,0.07,4,6,100,752,151,145,65,30.5,31.5,300,0,1.523531069
3.82,0.07,4,6,100,754,155,151,59,30.5,31.5,300,0,1.488833747
3.82,0.07,4,6,100,756,150,147,63,30.5,31.5,300,0,1.507936508
3.82,0.07,4,6,100,752,151,150,60,30.5,31.5,300,0,1.541144145
3.82,0.07,4,6,100,753,155,145,65,30.5,31.5,300,0,1.499378829
3.82,0.07,4,6,100,753,150,146,64,30.5,31.5,300,0,1.567065073
3.09,0.02,4,2,100,751,160,151,59,26.4,56.2,300,0,1.431424767
3.09,0.02,4,2,100,753,162,151,59,26.4,56.2,300,0,1.25424229
3.09,0.02,4,2,100,753,160,150,60,26.4,56.2,300,0,1.195219124
3.09,0.02,4,2,100,752,165,150,60,26.4,56.2,300,0,1.168600903
3.09,0.02,4,2,100,750,162,148,62,26.4,56.2,300,0,1.209876543
3.09,0.02,4,2,100,752,162,150,60,26.4,56.2,300,0,1.428289992
3.46,0.02,4,2,100,752,115,152,58,25.3,56.2,300,0,1.85013876
3.46,0.02,4,2,100,751,118,151,59,25.3,56.2,300,0,1.568530095
3.46,0.02,4,2,100,754,115,152,58,25.3,56.2,300,0,1.499250375
3.46,0.02,4,2,100,754,115,152,58,25.3,56.2,300,0,2.006688963
3.46,0.02,4,2,100,755,114,151,59,25.3,56.2,300,0,2.044847217
3.46,0.02,4,2,100,755,115,155,55,25.3,56.2,300,0,1.566369133
3.09,0.02,4,2,100,753,162,148,62,30.1,56.2,300,0,1.409997869
3.09,0.02,4,2,100,754,162,149,61,30.1,56.2,300,0,1.268952418
3.09,0.02,4,2,100,754,165,151,59,30.1,56.2,300,0,1.358411703
3.09,0.02,4,2,100,752,164,149,61,30.1,56.2,300,0,1.248702647
3.09,0.02,4,2,100,752,163,149,61,30.1,56.2,300,0,1.133990341
3.09,0.02,4,2,100,752,163,151,59,30.1,56.2,300,0,1.248205195
4.22,0.02,4,2,100,750,119,149,61,29.9,56.2,300,0,1.949579832
4.22,0.02,4,2,100,751,121,147,63,29.9,56.2,300,0,1.848774637
4.22,0.02,4,2,100,749,118,150,60,29.9,56.2,300,0,1.957412143
4.22,0.02,4,2,100,750,115,152,58,29.9,56.2,300,0,2.052173913
4.22,0.02,4,2,100,755,120,151,59,29.9,56.2,300,0,1.490066225
4.22,0.02,4,2,100,753,124,147,63,29.9,56.2,300,0,1.767125048
3.41,0.02,4,2,100,754,153,152,58,24.4,33.9,300,0,1.568974186
3.41,0.02,4,2,100,752,154,151,59,24.4,33.9,300,0,1.562931749
3.41,0.02,4,2,100,750,152,153,57,24.4,33.9,300,0,1.657894737
3.41,0.02,4,2,100,754,150,150,60,24.4,33.9,300,0,1.635720601
3.41,0.02,4,2,100,752,150,154,56,24.4,33.9,300,0,1.675531915
3.41,0.02,4,2,100,754,151,155,55,24.4,33.9,300,0,1.65123755
3.41,0.02,4,2,100,755,150,150,60,29.6,33.9,300,0,1.580573951
3.41,0.02,4,2,100,752,154,150,60,29.6,33.9,300,0,1.416137054
3.41,0.02,4,2,100,754,155,151,59,29.6,33.9,300,0,1.719859673
3.41,0.02,4,2,100,755,160,149,61,29.6,33.9,300,0,1.481788079
3.41,0.02,4,2,100,753,152,152,58,29.6,33.9,300,0,1.555182778
3.41,0.02,4,2,100,751,154,150,60,29.6,33.9,300,0,1.331557923
0.89,0.1,4,15,100,749,248,153,57,24.7,45.4,300,0,0.94211637
0.89,0.1,4,15,100,751,251,151,59,24.7,45.4,300,0,0.74270163
0.89,0.1,4,15,100,751,252,154,56,24.7,45.4,300,0,0.945828842
0.89,0.1,4,15,100,750,254,151,59,24.7,45.4,300,0,0.918635171
0.89,0.1,4,15,100,751,250,153,57,24.7,45.4,300,0,0.953395473
0.89,0.1,4,15,100,750,250,152,58,24.7,45.4,300,0,0.890666667
0.89,0.1,4,15,100,750,252,144,66,28.3,45.4,300,0,0.788359788
0.89,0.1,4,10,100,753,182,162,48,28.3,45.4,300,0,0.510777403
0.89,0.1,4,10,100,752,175,155,55,28.3,45.4,300,0,0.911854103
0.89,0.1,4,10,100,754,178,153,57,28.3,45.4,300,0,0.894107829
0.89,0.1,4,10,100,754,178,140,70,28.3,45.4,300,0,0.931362322
0.89,0.1,4,15,100,751,253,142,68,28.3,45.4,300,0,0.931564238
10,0,0,0,0,200,150,250,150,35,30,0,0,1.209
10,0,0,0,0,400,150,250,150,35,30,0,0,1.55
10,0,0,0,0,600,150,250,150,35,30,0,0,1.157
10,0,0,0,0,150,150,250,150,35,30,0,0,3.647
10,0,0,0,0,200,150,250,150,35,30,0,0,3.56
10,0,0,0,0,300,150,250,150,35,30,0,0,2.197
10,0,0,0,0,400,150,250,150,35,30,0,0,2.382
10,0,0,0,0,600,150,250,150,35,30,0,0,1.872
10,0,0,0,0,150,150,250,150,35,30,0,1,4.127
10,0,0,0,0,200,150,250,150,35,30,0,1,3.679
10,0,0,0,0,400,150,250,150,35,30,0,1,2.209
10,0,0,0,0,600,150,250,150,35,30,0,1,2.043
10,0,0,0,0,150,150,250,150,35,30,0,0,3.788
10,0,0,0,0,200,150,250,150,35,30,0,0,3.19
10,0,0,0,0,300,150,250,150,35,30,0,0,2.296
10,0,0,0,0,400,150,250,150,35,30,0,0,1.815
10,0,0,0,0,600,150,250,150,35,30,0,0,1.473
10,0,0,0,0,150,150,250,150,35,30,0,0,3.906
10,0,0,0,0,200,150,250,150,35,30,0,0,3.673
10,0,0,0,0,400,150,250,150,35,30,0,0,2.111
10,0,0,0,0,600,150,250,150,35,30,0,0,1.93
10,0,0,0,0,150,150,250,150,40,35,0,0,4.283
10,0,0,0,0,200,150,250,150,40,35,0,0,3.809
10,0,0,0,0,400,150,250,150,40,35,0,0,2.74
10,0,0,0,0,600,150,250,150,40,35,0,0,1.935
0.97,0,0,0,0,150,150,75,75,31.1,33.3,0,0,1.79
0.72,0,0,0,0,150,150,75,75,31.1,33.3,0,0,1.27
0.74,0,0,0,0,150,150,75,75,31.1,33.3,0,0,1.54
0.93,0,0,0,0,150,150,75,75,31.1,33.3,0,0,1.72
0.93,0,0,0,0,150,150,75,75,31.1,33.3,0,0,1.76
1.24,0,0,0,0,150,150,75,75,37.1,33.3,0,0,2.54
0.98,0,0,0,0,150,150,75,75,37.1,33.3,0,0,1.77
1.21,0,0,0,0,150,150,75,75,37.1,33.3,0,0,2.61
0.98,0,0,0,0,150,150,75,75,37.1,33.3,0,0,1.68
0.74,0,0,0,0,150,150,75,75,37.1,33.3,0,0,2.21
2.7,0,0,0,60,150,150,75,75,30,25,0,0,2.54
2.7,0,0,0,60,150,150,75,75,30,25,0,1,3.07
2.7,0,0,0,60,150,150,75,75,30,25,0,2,4.75
2.7,0,0,0,60,150,150,75,75,30,25,0,3,6.11
2.7,0,0,0,60,150,150,75,75,30,25,0,4,7.12
2.7,0.156228261,6.69,1,60,150,150,75,75,30,25,300,0,2.87
2.7,0.156228261,6.69,1,60,150,150,75,75,30,25,300,1,3.92
2.7,0.156228261,6.69,1,60,150,150,75,75,30,25,300,2,5.68
2.7,0.156228261,6.69,1,60,150,150,75,75,30,25,300,3,7.0886
2.7,0.156228261,6.69,1,60,150,150,75,75,30,25,300,4,8.486
2.7,0.410171922,10.84,1,60,150,150,75,75,30,25,300,0,3.64
2.7,0.410171922,10.84,1,60,150,150,75,75,30,25,300,1,4.95
2.7,0.410171922,10.84,1,60,150,150,75,75,30,25,300,2,6.15
2.7,0.410171922,10.84,1,60,150,150,75,75,30,25,300,3,7.494
2.7,0.410171922,10.84,1,60,150,150,75,75,30,25,300,4,9.415
2.7,0.760466484,14.76,1,60,150,150,75,75,30,25,300,0,4.287
2.7,0.760466484,14.76,1,60,150,150,75,75,30,25,300,1,5.818
2.7,0.760466484,14.76,1,60,150,150,75,75,30,25,300,2,6.904
2.7,0.760466484,14.76,1,60,150,150,75,75,30,25,300,3,8.69
2.7,0.760466484,14.76,1,60,150,150,75,75,30,25,300,4,10.09
2.7,1.233738342,18.8,1,60,150,150,75,75,30,25,300,0,5.4099
2.7,1.233738342,18.8,1,60,150,150,75,75,30,25,300,1,6.1584
2.7,1.233738342,18.8,1,60,150,150,75,75,30,25,300,2,7.596
2.7,1.233738342,18.8,1,60,150,150,75,75,30,25,300,3,9.13359
2.7,1.233738342,18.8,1,60,150,150,75,75,30,25,300,4,10.8749
2.7,0.312456522,6.69,2,60,150,150,75,75,30,25,300,0,4.09696
2.7,0.312456522,6.69,2,60,150,150,75,75,30,25,300,1,5.3939
2.7,0.312456522,6.69,2,60,150,150,75,75,30,25,300,2,6.4606
2.7,0.312456522,6.69,2,60,150,150,75,75,30,25,300,3,8.206
2.7,0.312456522,6.69,2,60,150,150,75,75,30,25,300,4,9.2727
2.7,0.820343844,10.84,2,60,150,150,75,75,30,25,300,0,5.8007
2.7,0.820343844,10.84,2,60,150,150,75,75,30,25,300,1,6.258
2.7,0.820343844,10.84,2,60,150,150,75,75,30,25,300,2,7.749
2.7,0.820343844,10.84,2,60,150,150,75,75,30,25,300,3,9.476
2.7,0.820343844,10.84,2,60,150,150,75,75,30,25,300,4,11.749
2.7,1.520932968,14.76,2,60,150,150,75,75,30,25,300,0,7.085
2.7,1.520932968,14.76,2,60,150,150,75,75,30,25,300,1,8.0279
2.7,1.520932968,14.76,2,60,150,150,75,75,30,25,300,2,9.076
2.7,1.520932968,14.76,2,60,150,150,75,75,30,25,300,3,10.862
2.7,1.520932968,14.76,2,60,150,150,75,75,30,25,300,4,13.3395
2.7,2.467476683,18.8,2,60,150,150,75,75,30,25,300,0,7.7268
2.7,2.467476683,18.8,2,60,150,150,75,75,30,25,300,1,9.028
2.7,2.467476683,18.8,2,60,150,150,75,75,30,25,300,2,9.804
1.78,0,0,0,0,410,300,50,150,128.2,32.25,0,0,1.869918699
1.78,0,0,0,0,410,300,50,150,128.2,32.25,0,0,1.967479675
2.12,0,0,0,0,410,300,50,150,128.2,51.17,0,0,3.105691057
2.12,0,0,0,0,410,300,50,150,128.2,51.17,0,0,3.365853659
2.12,0,0,0,0,410,300,50,150,128.2,51.17,0,0,3.264227642
2.12,0,0,0,0,410,300,50,150,128.2,51.17,0,0,3.414634146
4.56,0,0,0,0,410,300,50,150,128.2,51.17,0,0,4.162601626
4.56,0,0,0,0,410,300,50,150,128.2,51.17,0,0,4.292682927
4,0.141371669,6,1,25,200,100,100,100,30,40,400,0,3.756793
4,0.141371669,6,1,50,200,100,100,100,30,40,400,0,4.039674
4,0.141371669,6,1,75,200,100,100,100,30,40,400,0,4.048391
4,0.141371669,6,1,100,200,100,100,100,30,40,400,0,4.089749
4,0.251327412,8,1,25,200,100,100,100,30,40,400,0,4.2010765
4,0.251327412,8,1,50,200,100,100,100,30,40,400,0,4.438775
4,0.251327412,8,1,75,200,100,100,100,30,40,400,0,4.2102735
4,0.251327412,8,1,100,200,100,100,100,30,40,400,0,4.439726
4,0.392699082,10,1,25,200,100,100,100,30,40,400,0,4.4507995
4,0.392699082,10,1,50,200,100,100,100,30,40,400,0,4.721598
4,0.392699082,10,1,75,200,100,100,100,30,40,400,0,4.471746
4,0.392699082,10,1,100,200,100,100,100,30,40,400,0,4.723599
4,0.565486678,12,1,25,200,100,100,100,30,40,400,0,4.769267
4,0.565486678,12,1,50,200,100,100,100,30,40,400,0,4.987419
4,0.565486678,12,1,75,200,100,100,100,30,40,400,0,4.828936
4,0.565486678,12,1,100,200,100,100,100,30,40,400,0,4.987845
4,1.005309649,16,1,25,200,100,100,100,30,40,400,0,4.9431275
4,1.005309649,16,1,50,200,100,100,100,30,40,400,0,5.403585
4,1.005309649,16,1,75,200,100,100,100,30,40,400,0,5.38937
4,1.005309649,16,1,100,200,100,100,100,30,40,400,0,5.497965
4,0.062831853,6,1,25,300,150,150,150,30,40,400,0,3.120544444
4,0.062831853,6,1,50,300,150,150,150,30,40,400,0,3.185522222
4,0.062831853,6,1,75,300,150,150,150,30,40,400,0,3.121757778
4,0.062831853,6,1,100,300,150,150,150,30,40,400,0,3.21516
4,0.062831853,6,1,150,300,150,150,150,30,40,400,0,3.215173333
4,0.111701072,8,1,25,300,150,150,150,30,40,400,0,3.203153333
4,0.111701072,8,1,50,300,150,150,150,30,40,400,0,3.297957778
4,0.111701072,8,1,75,300,150,150,150,30,40,400,0,3.213784444
4,0.111701072,8,1,100,300,150,150,150,30,40,400,0,3.298157778
4,0.111701072,8,1,150,300,150,150,150,30,40,400,0,3.298193333
4,0.174532925,10,1,25,300,150,150,150,30,40,400,0,3.325424444
4,0.174532925,10,1,50,300,150,150,150,30,40,400,0,3.366802222
4,0.174532925,10,1,75,300,150,150,150,30,40,400,0,3.315222222
4,0.174532925,10,1,100,300,150,150,150,30,40,400,0,3.367426667
4,0.174532925,10,1,150,300,150,150,150,30,40,400,0,3.367466667
4,0.251327412,12,1,25,300,150,150,150,30,40,400,0,3.478457778
4,0.251327412,12,1,50,300,150,150,150,30,40,400,0,3.469057778
4,0.251327412,12,1,75,300,150,150,150,30,40,400,0,3.456462222
4,0.251327412,12,1,100,300,150,150,150,30,40,400,0,3.469837778
4,0.251327412,12,1,150,300,150,150,150,30,40,400,0,3.470562222
4,0.446804289,16,1,25,300,150,150,150,30,40,400,0,3.480951111
4,0.446804289,16,1,50,300,150,150,150,30,40,400,0,3.698973333
4,0.446804289,16,1,75,300,150,150,150,30,40,400,0,3.738144444
4,0.446804289,16,1,100,300,150,150,150,30,40,400,0,3.722893333
4,0.446804289,16,1,150,300,150,150,150,30,40,400,0,3.728833333
4,0.035342917,6,1,25,400,200,200,200,30,40,400,0,3.1115225
4,0.035342917,6,1,50,400,200,200,200,30,40,400,0,3.2416775
4,0.035342917,6,1,75,400,200,200,200,30,40,400,0,3.2515725
4,0.035342917,6,1,100,400,200,200,200,30,40,400,0,3.258535
4,0.035342917,6,1,150,400,200,200,200,30,40,400,0,3.25852625
4,0.035342917,6,1,200,400,200,200,200,30,40,400,0,3.25852625
4,0.062831853,8,1,25,400,200,200,200,30,40,400,0,3.3025975
4,0.062831853,8,1,50,400,200,200,200,30,40,400,0,3.4443325
4,0.062831853,8,1,75,400,200,200,200,30,40,400,0,3.3248675
4,0.062831853,8,1,100,400,200,200,200,30,40,400,0,3.44495125
4,0.062831853,8,1,150,400,200,200,200,30,40,400,0,3.4449375
4,0.062831853,8,1,200,400,200,200,200,30,40,400,0,3.44321625
4,0.09817477,10,1,25,400,200,200,200,30,40,400,0,3.40586625
4,0.09817477,10,1,50,400,200,200,200,30,40,400,0,3.55789
4,0.09817477,10,1,75,400,200,200,200,30,40,400,0,3.41016875
4,0.09817477,10,1,100,400,200,200,200,30,40,400,0,3.55412625
4,0.09817477,10,1,150,400,200,200,200,30,40,400,0,3.56066625
4,0.09817477,10,1,200,400,200,200,200,30,40,400,0,3.56066
4,0.141371669,12,1,25,400,200,200,200,30,40,400,0,3.52426125
4,0.141371669,12,1,50,400,200,200,200,30,40,400,0,3.65709375
4,0.141371669,12,1,75,400,200,200,200,30,40,400,0,3.5265675
4,0.141371669,12,1,100,400,200,200,200,30,40,400,0,3.6587475
4,0.141371669,12,1,150,400,200,200,200,30,40,400,0,3.6568825
4,0.141371669,12,1,200,400,200,200,200,30,40,400,0,3.65743375
4,0.251327412,16,1,25,400,200,200,200,30,40,400,0,3.76109125
4,0.251327412,16,1,50,400,200,200,200,30,40,400,0,3.8329975
4,0.251327412,16,1,75,400,200,200,200,30,40,400,0,3.77803
4,0.251327412,16,1,100,400,200,200,200,30,40,400,0,3.8369675
4,0.251327412,16,1,150,400,200,200,200,30,40,400,0,3.83799125
4,0.251327412,16,1,200,400,200,200,200,30,40,400,0,3.8400475
4,0.125663706,6,2,25,300,150,150,150,30,40,400,0,3.408431111
4,0.125663706,6,2,50,300,150,150,150,30,40,400,0,3.540566667
4,0.125663706,6,2,75,300,150,150,150,30,40,400,0,3.399184444
4,0.125663706,6,2,100,300,150,150,150,30,40,400,0,3.542484444
4,0.125663706,6,2,150,300,150,150,150,30,40,400,0,3.542537778
4,0.188495559,6,3,25,300,150,150,150,30,40,400,0,3.712526667
4,0.188495559,6,3,50,300,150,150,150,30,40,400,0,3.984102222
4,0.188495559,6,3,75,300,150,150,150,30,40,400,0,3.738564444
4,0.188495559,6,3,100,300,150,150,150,30,40,400,0,3.989148889
4,0.188495559,6,3,150,300,150,150,150,30,40,400,0,3.989144444
4,0.251327412,6,4,25,300,150,150,150,30,40,400,0,3.980433333
4,0.251327412,6,4,50,300,150,150,150,30,40,400,0,4.348331111
4,0.251327412,6,4,75,300,150,150,150,30,40,400,0,4.03432
4,0.251327412,6,4,100,300,150,150,150,30,40,400,0,4.357264444
4,0.251327412,6,4,150,300,150,150,150,30,40,400,0,4.361593333
4,0.376991118,6,6,25,300,150,150,150,30,40,400,0,4.822608889
4,0.376991118,6,6,50,300,150,150,150,30,40,400,0,5.217526667
4,0.376991118,6,6,75,300,150,150,150,30,40,400,0,4.932022222
4,0.376991118,6,6,100,300,150,150,150,30,40,400,0,5.269177778
4,0.376991118,6,6,150,300,150,150,150,30,40,400,0,5.27132
4,0.502654825,6,8,25,300,150,150,150,30,40,400,0,4.772326667
4,0.502654825,6,8,50,300,150,150,150,30,40,400,0,5.288202222
4,0.502654825,6,8,75,300,150,150,150,30,40,400,0,4.980448889
4,0.502654825,6,8,100,300,150,150,150,30,40,400,0,5.326797778
4,0.502654825,6,8,150,300,150,150,150,30,40,400,0,5.323482222
4,0.223402144,8,2,25,300,150,150,150,30,40,400,0,3.517131111
4,0.223402144,8,2,50,300,150,150,150,30,40,400,0,3.670326667
4,0.223402144,8,2,75,300,150,150,150,30,40,400,0,3.515677778
4,0.223402144,8,2,100,300,150,150,150,30,40,400,0,3.637904444
4,0.223402144,8,2,150,300,150,150,150,30,40,400,0,3.672546667
4,0.335103216,8,3,25,300,150,150,150,30,40,400,0,3.947255556
4,0.335103216,8,3,50,300,150,150,150,30,40,400,0,4.215617778
4,0.335103216,8,3,75,300,150,150,150,30,40,400,0,3.955226667
4,0.335103216,8,3,100,300,150,150,150,30,40,400,0,4.217273333
4,0.335103216,8,3,150,300,150,150,150,30,40,400,0,4.219393333
4,0.446804289,8,4,25,300,150,150,150,30,40,400,0,4.3055
4,0.446804289,8,4,50,300,150,150,150,30,40,400,0,4.7224
4,0.446804289,8,4,75,300,150,150,150,30,40,400,0,4.36076
4,0.446804289,8,4,100,300,150,150,150,30,40,400,0,4.74276
4,0.446804289,8,4,150,300,150,150,150,30,40,400,0,4.743657778
4,0.670206433,8,6,25,300,150,150,150,30,40,400,0,5.170437778
4,0.670206433,8,6,50,300,150,150,150,30,40,400,0,5.661662222
4,0.670206433,8,6,75,300,150,150,150,30,40,400,0,5.390784444
4,0.670206433,8,6,100,300,150,150,150,30,40,400,0,5.689806667
4,0.670206433,8,6,150,300,150,150,150,30,40,400,0,5.699266667
4,0.893608577,8,8,25,300,150,150,150,30,40,400,0,5.179004444
4,0.893608577,8,8,50,300,150,150,150,30,40,400,0,5.762968889
4,0.893608577,8,8,75,300,150,150,150,30,40,400,0,5.579795556
4,0.893608577,8,8,100,300,150,150,150,30,40,400,0,5.821131111
4,0.893608577,8,8,150,300,150,150,150,30,40,400,0,5.823431111
4,0.34906585,10,2,25,300,150,150,150,30,40,400,0,3.703226667
4,0.34906585,10,2,50,300,150,150,150,30,40,400,0,3.787942222
4,0.34906585,10,2,75,300,150,150,150,30,40,400,0,3.711751111
4,0.34906585,10,2,100,300,150,150,150,30,40,400,0,3.792206667
4,0.34906585,10,2,150,300,150,150,150,30,40,400,0,3.795822222
4,0.523598776,10,3,25,300,150,150,150,30,40,400,0,4.227117778
4,0.523598776,10,3,50,300,150,150,150,30,40,400,0,4.439944444
4,0.523598776,10,3,75,300,150,150,150,30,40,400,0,4.250446667
4,0.523598776,10,3,100,300,150,150,150,30,40,400,0,4.448902222
4,0.523598776,10,3,150,300,150,150,150,30,40,400,0,4.447695556
4,0.698131701,10,4,25,300,150,150,150,30,40,400,0,4.760784444
4,0.698131701,10,4,50,300,150,150,150,30,40,400,0,5.080177778
4,0.698131701,10,4,75,300,150,150,150,30,40,400,0,4.910566667
4,0.698131701,10,4,100,300,150,150,150,30,40,400,0,5.130251111
4,0.698131701,10,4,150,300,150,150,150,30,40,400,0,5.132351111
4,1.047197551,10,6,25,300,150,150,150,30,40,400,0,5.647326667
4,1.047197551,10,6,50,300,150,150,150,30,40,400,0,5.998002222
4,1.047197551,10,6,75,300,150,150,150,30,40,400,0,5.910897778
4,1.047197551,10,6,100,300,150,150,150,30,40,400,0,6.07068
4,1.047197551,10,6,150,300,150,150,150,30,40,400,0,6.072211111
4,1.396263402,10,8,25,300,150,150,150,30,40,400,0,5.733655556
4,1.396263402,10,8,50,300,150,150,150,30,40,400,0,6.138164444
4,1.396263402,10,8,75,300,150,150,150,30,40,400,0,6.123311111
4,1.396263402,10,8,100,300,150,150,150,30,40,400,0,6.234328889
4,1.396263402,10,8,150,300,150,150,150,30,40,400,0,6.254711111
4,0.502654825,12,2,25,300,150,150,150,30,40,400,0,3.891955556
4,0.502654825,12,2,50,300,150,150,150,30,40,400,0,3.95844
4,0.502654825,12,2,75,300,150,150,150,30,40,400,0,3.949373333
4,0.502654825,12,2,100,300,150,150,150,30,40,400,0,3.968915556
4,0.502654825,12,2,150,300,150,150,150,30,40,400,0,3.969715556
4,0.753982237,12,3,25,300,150,150,150,30,40,400,0,4.492691111
4,0.753982237,12,3,50,300,150,150,150,30,40,400,0,4.704651111
4,0.753982237,12,3,75,300,150,150,150,30,40,400,0,4.615366667
4,0.753982237,12,3,100,300,150,150,150,30,40,400,0,4.731024444
4,0.753982237,12,3,150,300,150,150,150,30,40,400,0,4.737051111
4,1.005309649,12,4,25,300,150,150,150,30,40,400,0,5.212875556
4,1.005309649,12,4,50,300,150,150,150,30,40,400,0,5.46556
4,1.005309649,12,4,75,300,150,150,150,30,40,400,0,5.440835556
4,1.005309649,12,4,100,300,150,150,150,30,40,400,0,5.580108889
4,1.005309649,12,4,150,300,150,150,150,30,40,400,0,5.591075556
4,1.507964474,12,6,25,300,150,150,150,30,40,400,0,5.856253333
4,1.507964474,12,6,50,300,150,150,150,30,40,400,0,6.292333333
4,1.507964474,12,6,75,300,150,150,150,30,40,400,0,6.268777778
4,1.507964474,12,6,100,300,150,150,150,30,40,400,0,6.422877778
4,1.507964474,12,6,150,300,150,150,150,30,40,400,0,6.437997778
4,2.010619298,12,8,25,300,150,150,150,30,40,400,0,5.692062222
4,2.010619298,12,8,50,300,150,150,150,30,40,400,0,6.332926667
4,2.010619298,12,8,75,300,150,150,150,30,40,400,0,6.384304444
4,2.010619298,12,8,100,300,150,150,150,30,40,400,0,6.527893333
4,2.010619298,12,8,150,300,150,150,150,30,40,400,0,6.555146667
4,0.893608577,16,2,25,300,150,150,150,30,40,400,0,3.8903
4,0.893608577,16,2,50,300,150,150,150,30,40,400,0,4.40462
4,0.893608577,16,2,75,300,150,150,150,30,40,400,0,4.452415556
4,0.893608577,16,2,100,300,150,150,150,30,40,400,0,4.462448889
4,0.893608577,16,2,150,300,150,150,150,30,40,400,0,4.467297778
4,1.340412866,16,3,25,300,150,150,150,30,40,400,0,4.570273333
4,1.340412866,16,3,50,300,150,150,150,30,40,400,0,5.169577778
4,1.340412866,16,3,75,300,150,150,150,30,40,400,0,5.242404444
4,1.340412866,16,3,100,300,150,150,150,30,40,400,0,5.344366667
4,1.340412866,16,3,150,300,150,150,150,30,40,400,0,5.367968889
4,1.787217154,16,4,25,300,150,150,150,30,40,400,0,5.194808889
4,1.787217154,16,4,50,300,150,150,150,30,40,400,0,5.967288889
4,1.787217154,16,4,75,300,150,150,150,30,40,400,0,6.08754
4,1.787217154,16,4,100,300,150,150,150,30,40,400,0,6.247633333
4,1.787217154,16,4,150,300,150,150,150,30,40,400,0,6.292373333
4,2.680825731,16,6,25,300,150,150,150,30,40,400,0,5.631231111
4,2.680825731,16,6,50,300,150,150,150,30,40,400,0,6.467855556
4,2.680825731,16,6,75,300,150,150,150,30,40,400,0,6.577035556
4,2.680825731,16,6,100,300,150,150,150,30,40,400,0,6.767566667
4,2.680825731,16,6,150,300,150,150,150,30,40,400,0,6.792395556
4,3.574434308,16,8,25,300,150,150,150,30,40,400,0,5.506928889
4,3.574434308,16,8,50,300,150,150,150,30,40,400,0,6.484791111
4,3.574434308,16,8,75,300,150,150,150,30,40,400,0,6.645531111
4,3.574434308,16,8,100,300,150,150,150,30,40,400,0,6.861475556
4,3.574434308,16,8,150,300,150,150,150,30,40,400,0,6.897524444
4,0.282743339,6,2,25,200,100,100,100,30,40,400,0,4.502017
4,0.282743339,6,2,50,200,100,100,100,30,40,400,0,4.842888
4,0.282743339,6,2,75,200,100,100,100,30,40,400,0,4.7336895
4,0.282743339,6,2,100,200,100,100,100,30,40,400,0,4.8624195
4,0.424115008,6,3,25,200,100,100,100,30,40,400,0,5.63157
4,0.424115008,6,3,50,200,100,100,100,30,40,400,0,5.59313
4,0.424115008,6,3,75,200,100,100,100,30,40,400,0,5.453005
4,0.424115008,6,3,100,200,100,100,100,30,40,400,0,5.630595
4,0.565486678,6,4,25,200,100,100,100,30,40,400,0,5.67952
4,0.565486678,6,4,50,200,100,100,100,30,40,400,0,5.89123
4,0.565486678,6,4,75,200,100,100,100,30,40,400,0,5.57903
4,0.565486678,6,4,100,200,100,100,100,30,40,400,0,5.910265
4,0.848230016,6,6,25,200,100,100,100,30,40,400,0,6.56789
4,0.848230016,6,6,50,200,100,100,100,30,40,400,0,6.735765
4,0.848230016,6,6,75,200,100,100,100,30,40,400,0,6.365265
4,0.848230016,6,6,100,200,100,100,100,30,40,400,0,6.748195
4,1.130973355,6,8,25,200,100,100,100,30,40,400,0,6.5238
4,1.130973355,6,8,50,200,100,100,100,30,40,400,0,6.95603
4,1.130973355,6,8,75,200,100,100,100,30,40,400,0,6.573125
4,1.130973355,6,8,100,200,100,100,100,30,40,400,0,6.96548
4,0.502654825,8,2,25,200,100,100,100,30,40,400,0,4.9076245
4,0.502654825,8,2,50,200,100,100,100,30,40,400,0,5.315345
4,0.502654825,8,2,75,200,100,100,100,30,40,400,0,5.00308
4,0.502654825,8,2,100,200,100,100,100,30,40,400,0,5.316795
4,0.753982237,8,3,25,200,100,100,100,30,40,400,0,5.626225
4,0.753982237,8,3,50,200,100,100,100,30,40,400,0,6.025685
4,0.753982237,8,3,75,200,100,100,100,30,40,400,0,5.72781
4,0.753982237,8,3,100,200,100,100,100,30,40,400,0,6.036195
4,1.005309649,8,4,25,200,100,100,100,30,40,400,0,5.783195
4,1.005309649,8,4,50,200,100,100,100,30,40,400,0,6.32562
4,1.005309649,8,4,75,200,100,100,100,30,40,400,0,6.074775
4,1.005309649,8,4,100,200,100,100,100,30,40,400,0,6.34617
4,1.507964474,8,6,25,200,100,100,100,30,40,400,0,6.50842
4,1.507964474,8,6,50,200,100,100,100,30,40,400,0,7.093405
4,1.507964474,8,6,75,200,100,100,100,30,40,400,0,6.729975
4,1.507964474,8,6,100,200,100,100,100,30,40,400,0,7.109915
4,2.010619298,8,8,25,200,100,100,100,30,40,400,0,6.732915
4,2.010619298,8,8,50,200,100,100,100,30,40,400,0,7.24178
4,2.010619298,8,8,75,200,100,100,100,30,40,400,0,6.954585
4,2.010619298,8,8,100,200,100,100,100,30,40,400,0,7.283805
4,0.785398163,10,2,25,200,100,100,100,30,40,400,0,5.364695
4,0.785398163,10,2,50,200,100,100,100,30,40,400,0,5.68704
4,0.785398163,10,2,75,200,100,100,100,30,40,400,0,5.497385
4,0.785398163,10,2,100,200,100,100,100,30,40,400,0,5.702095
4,1.178097245,10,3,25,200,100,100,100,30,40,400,0,6.077775
4,1.178097245,10,3,50,200,100,100,100,30,40,400,0,6.414765
4,1.178097245,10,3,75,200,100,100,100,30,40,400,0,6.18111
4,1.178097245,10,3,100,200,100,100,100,30,40,400,0,6.42037
4,1.570796327,10,4,25,200,100,100,100,30,40,400,0,6.183025
4,1.570796327,10,4,50,200,100,100,100,30,40,400,0,6.64097
4,1.570796327,10,4,75,200,100,100,100,30,40,400,0,6.49737
4,1.570796327,10,4,100,200,100,100,100,30,40,400,0,6.68949
4,2.35619449,10,6,25,200,100,100,100,30,40,400,0,7.247125
4,2.35619449,10,6,50,200,100,100,100,30,40,400,0,7.635085
4,2.35619449,10,6,75,200,100,100,100,30,40,400,0,7.352225
4,2.35619449,10,6,100,200,100,100,100,30,40,400,0,7.66295
4,3.141592654,10,8,25,200,100,100,100,30,40,400,0,7.52283
4,3.141592654,10,8,50,200,100,100,100,30,40,400,0,7.80119
4,3.141592654,10,8,75,200,100,100,100,30,40,400,0,7.694775
4,3.141592654,10,8,100,200,100,100,100,30,40,400,0,7.83947
4,1.130973355,12,2,25,200,100,100,100,30,40,400,0,5.702995
4,1.130973355,12,2,50,200,100,100,100,30,40,400,0,6.03949
4,1.130973355,12,2,75,200,100,100,100,30,40,400,0,5.955655
4,1.130973355,12,2,100,200,100,100,100,30,40,400,0,6.06459
4,1.696460033,12,3,25,200,100,100,100,30,40,400,0,6.31708
4,1.696460033,12,3,50,200,100,100,100,30,40,400,0,6.731805
4,1.696460033,12,3,75,200,100,100,100,30,40,400,0,6.5722
4,1.696460033,12,3,100,200,100,100,100,30,40,400,0,6.745195
4,2.261946711,12,4,25,200,100,100,100,30,40,400,0,6.178865
4,2.261946711,12,4,50,200,100,100,100,30,40,400,0,6.90186
4,2.261946711,12,4,75,200,100,100,100,30,40,400,0,6.745415
4,2.261946711,12,4,100,200,100,100,100,30,40,400,0,6.945425
4,3.392920066,12,6,25,200,100,100,100,30,40,400,0,8.14592
4,3.392920066,12,6,50,200,100,100,100,30,40,400,0,8.27568
4,3.392920066,12,6,75,200,100,100,100,30,40,400,0,8.328975
4,3.392920066,12,6,100,200,100,100,100,30,40,400,0,8.32239
4,4.523893421,12,8,25,200,100,100,100,30,40,400,0,7.99166
4,4.523893421,12,8,50,200,100,100,100,30,40,400,0,8.358555
4,4.523893421,12,8,75,200,100,100,100,30,40,400,0,8.477295
4,4.523893421,12,8,100,200,100,100,100,30,40,400,0,8.421625
4,2.010619298,16,2,25,200,100,100,100,30,40,400,0,5.47913
4,2.010619298,16,2,50,200,100,100,100,30,40,400,0,6.29577
4,2.010619298,16,2,75,200,100,100,100,30,40,400,0,6.30794
4,2.010619298,16,2,100,200,100,100,100,30,40,400,0,6.428315
4,3.015928947,16,3,25,200,100,100,100,30,40,400,0,6.471975
4,3.015928947,16,3,50,200,100,100,100,30,40,400,0,7.286245
4,3.015928947,16,3,75,200,100,100,100,30,40,400,0,7.257425
4,3.015928947,16,3,100,200,100,100,100,30,40,400,0,7.36724
4,4.021238597,16,4,25,200,100,100,100,30,40,400,0,6.306175
4,4.021238597,16,4,50,200,100,100,100,30,40,400,0,7.59619
4,4.021238597,16,4,75,200,100,100,100,30,40,400,0,7.602705
4,4.021238597,16,4,100,200,100,100,100,30,40,400,0,7.748335
4,6.031857895,16,6,25,200,100,100,100,30,40,400,0,8.50951
4,6.031857895,16,6,50,200,100,100,100,30,40,400,0,9.236825
4,6.031857895,16,6,75,200,100,100,100,30,40,400,0,9.4281
4,6.031857895,16,6,100,200,100,100,100,30,40,400,0,9.36442
4,8.042477193,16,8,25,200,100,100,100,30,40,400,0,8.17166
4,8.042477193,16,8,50,200,100,100,100,30,40,400,0,9.10465
4,8.042477193,16,8,75,200,100,100,100,30,40,400,0,9.266495
4,8.042477193,16,8,100,200,100,100,100,30,40,400,0,9.2083
4,0.070685835,6,2,25,400,200,200,200,30,40,400,0,3.3182925
4,0.070685835,6,2,50,400,200,200,200,30,40,400,0,3.566205
4,0.070685835,6,2,75,400,200,200,200,30,40,400,0,3.52321875
4,0.070685835,6,2,100,400,200,200,200,30,40,400,0,3.592145
4,0.070685835,6,2,150,400,200,200,200,30,40,400,0,3.5953575
4,0.070685835,6,2,200,400,200,200,200,30,40,400,0,3.59677875
4,0.106028752,6,3,25,400,200,200,200,30,40,400,0,3.52062375
4,0.106028752,6,3,50,400,200,200,200,30,40,400,0,3.9099425
4,0.106028752,6,3,75,400,200,200,200,30,40,400,0,3.89449875
4,0.106028752,6,3,100,400,200,200,200,30,40,400,0,3.97884875
4,0.106028752,6,3,150,400,200,200,200,30,40,400,0,3.9794
4,0.106028752,6,3,200,400,200,200,200,30,40,400,0,3.9788375
4,0.141371669,6,4,25,400,200,200,200,30,40,400,0,3.70053625
4,0.141371669,6,4,50,400,200,200,200,30,40,400,0,4.0546575
4,0.141371669,6,4,75,400,200,200,200,30,40,400,0,3.9060125
4,0.141371669,6,4,100,400,200,200,200,30,40,400,0,4.081485
4,0.141371669,6,4,150,400,200,200,200,30,40,400,0,4.0788425
4,0.141371669,6,4,200,400,200,200,200,30,40,400,0,4.0819125
4,0.212057504,6,6,25,400,200,200,200,30,40,400,0,4.12655125
4,0.212057504,6,6,50,400,200,200,200,30,40,400,0,4.609375
4,0.212057504,6,6,75,400,200,200,200,30,40,400,0,4.4240025
4,0.212057504,6,6,100,400,200,200,200,30,40,400,0,4.653495
4,0.212057504,6,6,150,400,200,200,200,30,40,400,0,4.6525275
4,0.212057504,6,6,200,400,200,200,200,30,40,400,0,4.65403625
4,0.282743339,6,8,25,400,200,200,200,30,40,400,0,4.37866625
4,0.282743339,6,8,50,400,200,200,200,30,40,400,0,4.7858275
4,0.282743339,6,8,75,400,200,200,200,30,40,400,0,4.57520125
4,0.282743339,6,8,100,400,200,200,200,30,40,400,0,4.82862875
4,0.282743339,6,8,150,400,200,200,200,30,40,400,0,4.827655
4,0.282743339,6,8,200,400,200,200,200,30,40,400,0,4.828185
4,0.125663706,8,2,25,400,200,200,200,30,40,400,0,3.635195
4,0.125663706,8,2,50,400,200,200,200,30,40,400,0,3.86389625
4,0.125663706,8,2,75,400,200,200,200,30,40,400,0,3.64552
4,0.125663706,8,2,100,400,200,200,200,30,40,400,0,3.8633575
4,0.125663706,8,2,150,400,200,200,200,30,40,400,0,3.863315
4,0.125663706,8,2,200,400,200,200,200,30,40,400,0,3.86425625
4,0.188495559,8,3,25,400,200,200,200,30,40,400,0,4.02465125
4,0.188495559,8,3,50,400,200,200,200,30,40,400,0,4.35651
4,0.188495559,8,3,75,400,200,200,200,30,40,400,0,4.04983625
4,0.188495559,8,3,100,400,200,200,200,30,40,400,0,4.3579125
4,0.188495559,8,3,150,400,200,200,200,30,40,400,0,4.357765
4,0.188495559,8,3,200,400,200,200,200,30,40,400,0,4.357895
4,0.251327412,8,4,25,400,200,200,200,30,40,400,0,4.0820275
4,0.251327412,8,4,50,400,200,200,200,30,40,400,0,4.37979375
4,0.251327412,8,4,75,400,200,200,200,30,40,400,0,4.10853375
4,0.251327412,8,4,100,400,200,200,200,30,40,400,0,4.38074875
4,0.251327412,8,4,150,400,200,200,200,30,40,400,0,4.3842375
4,0.251327412,8,4,200,400,200,200,200,30,40,400,0,4.38265
4,0.376991118,8,6,25,400,200,200,200,30,40,400,0,4.6592875
4,0.376991118,8,6,50,400,200,200,200,30,40,400,0,5.03593
4,0.376991118,8,6,75,400,200,200,200,30,40,400,0,4.70185
4,0.376991118,8,6,100,400,200,200,200,30,40,400,0,5.0394825
4,0.376991118,8,6,150,400,200,200,200,30,40,400,0,5.0436075
4,0.376991118,8,6,200,400,200,200,200,30,40,400,0,5.04120125
4,0.502654825,8,8,25,400,200,200,200,30,40,400,0,4.82702125
4,0.502654825,8,8,50,400,200,200,200,30,40,400,0,5.2160375
4,0.502654825,8,8,75,400,200,200,200,30,40,400,0,4.973475
4,0.502654825,8,8,100,400,200,200,200,30,40,400,0,5.2418275
4,0.502654825,8,8,150,400,200,200,200,30,40,400,0,5.242085
4,0.502654825,8,8,200,400,200,200,200,30,40,400,0,5.24277625
4,0.196349541,10,2,25,400,200,200,200,30,40,400,0,3.77125
4,0.196349541,10,2,50,400,200,200,200,30,40,400,0,4.04441875
4,0.196349541,10,2,75,400,200,200,200,30,40,400,0,3.7938475
4,0.196349541,10,2,100,400,200,200,200,30,40,400,0,4.04459875
4,0.196349541,10,2,150,400,200,200,200,30,40,400,0,4.0446075
4,0.196349541,10,2,200,400,200,200,200,30,40,400,0,4.04194875
4,0.294524311,10,3,25,400,200,200,200,30,40,400,0,4.24799
4,0.294524311,10,3,50,400,200,200,200,30,40,400,0,4.571545
4,0.294524311,10,3,75,400,200,200,200,30,40,400,0,4.2574925
4,0.294524311,10,3,100,400,200,200,200,30,40,400,0,4.56769625
4,0.294524311,10,3,150,400,200,200,200,30,40,400,0,4.57175875
4,0.294524311,10,3,200,400,200,200,200,30,40,400,0,4.57080625
4,0.392699082,10,4,25,400,200,200,200,30,40,400,0,4.334435
4,0.392699082,10,4,50,400,200,200,200,30,40,400,0,4.620665
4,0.392699082,10,4,75,400,200,200,200,30,40,400,0,4.37803
4,0.392699082,10,4,100,400,200,200,200,30,40,400,0,4.62637125
4,0.392699082,10,4,150,400,200,200,200,30,40,400,0,4.62777375
4,0.392699082,10,4,200,400,200,200,200,30,40,400,0,4.62999875
4,0.589048623,10,6,25,400,200,200,200,30,40,400,0,5.037565
4,0.589048623,10,6,50,400,200,200,200,30,40,400,0,5.33066875
4,0.589048623,10,6,75,400,200,200,200,30,40,400,0,5.108825
4,0.589048623,10,6,100,400,200,200,200,30,40,400,0,5.33970625
4,0.589048623,10,6,150,400,200,200,200,30,40,400,0,5.34324
4,0.589048623,10,6,200,400,200,200,200,30,40,400,0,5.34137375
4,0.785398163,10,8,25,400,200,200,200,30,40,400,0,5.2516225
4,0.785398163,10,8,50,400,200,200,200,30,40,400,0,5.576725
4,0.785398163,10,8,75,400,200,200,200,30,40,400,0,5.47952
4,0.785398163,10,8,100,400,200,200,200,30,40,400,0,5.6335375
4,0.785398163,10,8,150,400,200,200,200,30,40,400,0,5.63694
4,0.785398163,10,8,200,400,200,200,200,30,40,400,0,5.63800375
4,0.282743339,12,2,25,400,200,200,200,30,40,400,0,3.996755
4,0.282743339,12,2,50,400,200,200,200,30,40,400,0,4.20651
4,0.282743339,12,2,75,400,200,200,200,30,40,400,0,3.999325
4,0.282743339,12,2,100,400,200,200,200,30,40,400,0,4.20644
4,0.282743339,12,2,150,400,200,200,200,30,40,400,0,4.20990875
4,0.282743339,12,2,200,400,200,200,200,30,40,400,0,4.20992125
4,0.424115008,12,3,25,400,200,200,200,30,40,400,0,4.534945
4,0.424115008,12,3,50,400,200,200,200,30,40,400,0,4.7890025
4,0.424115008,12,3,75,400,200,200,200,30,40,400,0,4.5339125
4,0.424115008,12,3,100,400,200,200,200,30,40,400,0,4.78866625
4,0.424115008,12,3,150,400,200,200,200,30,40,400,0,4.7885825
4,0.424115008,12,3,200,400,200,200,200,30,40,400,0,4.78857625
4,0.565486678,12,4,25,400,200,200,200,30,40,400,0,4.66008375
4,0.565486678,12,4,50,400,200,200,200,30,40,400,0,4.86400125
4,0.565486678,12,4,75,400,200,200,200,30,40,400,0,4.70562125
4,0.565486678,12,4,100,400,200,200,200,30,40,400,0,4.87625375
4,0.565486678,12,4,150,400,200,200,200,30,40,400,0,4.87390375
4,0.565486678,12,4,200,400,200,200,200,30,40,400,0,4.873945
4,0.848230016,12,6,25,400,200,200,200,30,40,400,0,5.41525875
4,0.848230016,12,6,50,400,200,200,200,30,40,400,0,5.6457425
4,0.848230016,12,6,75,400,200,200,200,30,40,400,0,5.57724875
4,0.848230016,12,6,100,400,200,200,200,30,40,400,0,5.68311
4,0.848230016,12,6,150,400,200,200,200,30,40,400,0,5.68622875
4,0.848230016,12,6,200,400,200,200,200,30,40,400,0,5.6851125
4,1.130973355,12,8,25,400,200,200,200,30,40,400,0,5.50813875
4,1.130973355,12,8,50,400,200,200,200,30,40,400,0,5.81429
4,1.130973355,12,8,75,400,200,200,200,30,40,400,0,5.8655525
4,1.130973355,12,8,100,400,200,200,200,30,40,400,0,5.93905875
4,1.130973355,12,8,150,400,200,200,200,30,40,400,0,5.95386125
4,1.130973355,12,8,200,400,200,200,200,30,40,400,0,5.9553
4,0.502654825,16,2,25,400,200,200,200,30,40,400,0,4.361915
4,0.502654825,16,2,50,400,200,200,200,30,40,400,0,4.52399625
4,0.502654825,16,2,75,400,200,200,200,30,40,400,0,4.5046675
4,0.502654825,16,2,100,400,200,200,200,30,40,400,0,4.538425
4,0.502654825,16,2,150,400,200,200,200,30,40,400,0,4.53894625
4,0.502654825,16,2,200,400,200,200,200,30,40,400,0,4.54077
4,0.753982237,16,3,25,400,200,200,200,30,40,400,0,4.87648125
4,0.753982237,16,3,50,400,200,200,200,30,40,400,0,5.15317875
4,0.753982237,16,3,75,400,200,200,200,30,40,400,0,5.14887125
4,0.753982237,16,3,100,400,200,200,200,30,40,400,0,5.204255
4,0.753982237,16,3,150,400,200,200,200,30,40,400,0,5.20581125
4,0.753982237,16,3,200,400,200,200,200,30,40,400,0,5.20552625
4,1.005309649,16,4,25,400,200,200,200,30,40,400,0,4.87961875
4,1.005309649,16,4,50,400,200,200,200,30,40,400,0,5.319125
4,1.005309649,16,4,75,400,200,200,200,30,40,400,0,5.40759625
4,1.005309649,16,4,100,400,200,200,200,30,40,400,0,5.44392875
4,1.005309649,16,4,150,400,200,200,200,30,40,400,0,5.46417375
4,1.005309649,16,4,200,400,200,200,200,30,40,400,0,5.464415
4,1.507964474,16,6,25,400,200,200,200,30,40,400,0,5.4757575
4,1.507964474,16,6,50,400,200,200,200,30,40,400,0,6.0414625
4,1.507964474,16,6,75,400,200,200,200,30,40,400,0,6.15143625
4,1.507964474,16,6,100,400,200,200,200,30,40,400,0,6.25002875
4,1.507964474,16,6,150,400,200,200,200,30,40,400,0,6.2710975
4,1.507964474,16,6,200,400,200,200,200,30,40,400,0,6.27395375
4,2.010619298,16,8,25,400,200,200,200,30,40,400,0,5.3746275
4,2.010619298,16,8,50,400,200,200,200,30,40,400,0,5.9772375
4,2.010619298,16,8,75,400,200,200,200,30,40,400,0,6.18897875
4,2.010619298,16,8,100,400,200,200,200,30,40,400,0,6.3892375
4,2.010619298,16,8,150,400,200,200,200,30,40,400,0,6.44244625
4,2.010619298,16,8,200,400,200,200,200,30,40,400,0,6.445805
